-- seed_sample_ver1.sql  (generate_seed_sql.py 자동 생성)
-- 적용: schema.sql + migrations/001 로 만든 빈 DB 에 실행
begin;

insert into cost_estimate (id, estimate_code, title, source_workbook_path, status) values
  ('e6b9b253-41d7-5165-a9f3-c54aa59fd57a', 'SAMPLE_VER1', '공사원가계산서 (sample_ver1)', 'D:/vibe_2706/kiba_2026/docs/원가계산보고서샘플/(E)sample_원가계산보고서ver1.xlsx.xlsx', 'imported');

insert into cost_estimate_revision (id, estimate_id, revision_no, source_checksum, calculation_status, total_cost, vat_excluded) values
  ('3899de89-8220-5835-9773-5c05b4f1e0ab', 'e6b9b253-41d7-5165-a9f3-c54aa59fd57a', 1, '51a2f051fc78cb960d4b438261dfe2e6b931ee3bd47d6263f4ac1301dca8c938', 'verified', 123387460, true);

insert into reference_price_item (id, item_name, specification, unit, normalized_key) values
  ('a2ce9b08-78cb-5db9-a127-9d184744706c', 'SHELL PLATE-STS304', 't6*5''*9200', 'SH', 'SHELLPLATE-STS304|T6*5''*9200|SH'),
  ('690dcf8e-04af-5736-ab54-551dabda201b', 'SHELL PLATE-STS304', 't5*5''*9200', 'SH', 'SHELLPLATE-STS304|T5*5''*9200|SH'),
  ('da784c00-bb4a-5c49-a4d2-771b9bb8f378', 'BOTTOM CONE PLATE-STS304', 't8*5''*10''', 'SH', 'BOTTOMCONEPLATE-STS304|T8*5''*10''|SH'),
  ('2025ae9b-8772-5be1-b76a-932672412de4', 'ROOF PLATE-STS304', 't4*5''*10''', 'SH', 'ROOFPLATE-STS304|T4*5''*10''|SH'),
  ('c4ef5ea4-82f9-5d8a-a270-dc353dc3d2ac', 'TOP ANGLE-STS304', 'L-65*65*t6', 'M', 'TOPANGLE-STS304|L-65*65*T6|M'),
  ('d5450848-957d-5985-96b8-fc960293b679', 'LEG-SS400', 'H-150*150', 'M', 'LEG-SS400|H-150*150|M'),
  ('c61e40e3-72b3-57f1-9fed-3b939cc0ed19', 'LOADCELL FRAME-SS400', 'H-150*150', 'M', 'LOADCELLFRAME-SS400|H-150*150|M'),
  ('e7a6c31d-bb44-5c08-a57d-5401495a4027', 'LOAD CELL', 'ULKS (ALL SUS)', 'EA', 'LOADCELL|ULKS(ALLSUS)|EA'),
  ('ab571ed0-28ff-5314-be5a-873927627596', '인디케이터', 'AD510A', 'EA', '인디케이터|AD510A|EA'),
  ('6c370dcd-0ab4-5b17-b891-472f634408a9', '전기판넬', 'ADIP-SUS 외함', 'EA', '전기판넬|ADIP-SUS외함|EA'),
  ('8bfe8fdf-cc02-5de8-963d-01be33b89929', 'Summing Box', 'AD310(4P)', 'EA', 'SUMMINGBOX|AD310(4P)|EA'),
  ('f05b7110-cd3a-5789-b022-7585b0a77395', '외부표시기', '8915C', 'EA', '외부표시기|8915C|EA'),
  ('7c3febf2-a99b-596f-99ad-b25c325bd3c4', 'MAN HOLE-STS304', 'Φ500', 'SET', 'MANHOLE-STS304|Φ500|SET'),
  ('b711c3ed-170f-5047-b94e-93e5de1ac85e', 'BREATH VALVE-STS304', '80A*10K', 'EA', 'BREATHVALVE-STS304|80A*10K|EA'),
  ('76d41498-0003-53d4-892b-3478cfeb19ff', 'INSULATIN ANGLE-SS400', 'L-50*50*t6', '본', 'INSULATINANGLE-SS400|L-50*50*T6|본'),
  ('f9f23610-a7e9-5dd5-8fc3-8f8435cafa0f', 'HAND RAIL-SGP', '32A', '본', 'HANDRAIL-SGP|32A|본'),
  ('b462cd9f-1b13-5ea6-bc46-b007e7c5bd9e', 'HAND RAIL-SGP', '25A', '본', 'HANDRAIL-SGP|25A|본'),
  ('5a054df6-b10c-5c7b-bcbb-b457cb0bae7b', 'LADDER-SS400', 'FB-50*t9', '본', 'LADDER-SS400|FB-50*T9|본'),
  ('87d7dbef-c494-5a4b-b2d1-b33e902343a3', 'LADDER-SS400', 'FB-50*t6', '본', 'LADDER-SS400|FB-50*T6|본'),
  ('a2f5648b-5957-53ea-82ed-0b1bae9029ca', 'LADDER-SS400', 'FB-38*t6', '본', 'LADDER-SS400|FB-38*T6|본'),
  ('e985c961-2b1b-50ff-90de-8f84162bd6c2', 'ROUND BAR-SS400', 'Φ19', '본', 'ROUNDBAR-SS400|Φ19|본'),
  ('9c96602d-8a9a-5e58-b467-d44fc67793b6', 'INTERNAL LADDER-STS304', 'Φ18', '본', 'INTERNALLADDER-STS304|Φ18|본'),
  ('3ba67b6d-c486-563e-81dd-b973681d57b2', 'LEVEL GAUGE-STS304', 'FLOT TYPE', 'SET', 'LEVELGAUGE-STS304|FLOTTYPE|SET'),
  ('ad256376-96ad-56a7-ae13-0c6386956d46', 'LIFT LUG-STS304', 't20', 'EA', 'LIFTLUG-STS304|T20|EA'),
  ('474bde15-b137-5c83-8f83-0a3d6ce2c902', 'NOZZLE-STS304', '50A,80A', 'LOT', 'NOZZLE-STS304|50A,80A|LOT'),
  ('d360ebbe-3d2f-53f7-af28-89d308e51f42', '가공비', NULL, 'LOT', '가공비||LOT'),
  ('5c1fe31b-a75a-5fb8-9d5e-b45d7f17c6c9', '제작비', NULL, 'LOT', '제작비||LOT'),
  ('b8fa34df-932d-523e-9ff0-f4de0615344a', 'PAINTING비', NULL, 'LOT', 'PAINTING비||LOT'),
  ('1e6930d2-978c-5f8b-9b08-be7199d6d361', '용접부 비파괴검사', 'COLOR CHECK', 'LOT', '용접부비파괴검사|COLORCHECK|LOT'),
  ('dba5ce8e-6588-58ba-beac-f6b398df821e', '산세척비', NULL, 'LOT', '산세척비||LOT'),
  ('f2267886-4521-5b8b-a06c-81a903a271a0', '충수검사', 'FULL WATER', 'LOT', '충수검사|FULLWATER|LOT'),
  ('85bc2d3c-2842-5c2b-aa9c-1f02a9c22ef7', 'PIPE-STS304', '50A*S10', '본', 'PIPE-STS304|50A*S10|본'),
  ('b691a2d2-ecab-5ca0-905f-140c19b9896d', 'BALL VALVE-STS304', '50A*10K', 'EA', 'BALLVALVE-STS304|50A*10K|EA'),
  ('d64da003-1ef6-5862-8bff-ca5a8536913b', '용접TEE-STS304', '50A*S10', 'EA', '용접TEE-STS304|50A*S10|EA'),
  ('8ee01715-0f0e-5e4f-9ea4-c215f76d5f75', '용접ELBOW-STS304', '50A*S10', 'EA', '용접ELBOW-STS304|50A*S10|EA'),
  ('8c36dd10-ba63-504e-885b-43206f4cb643', 'FLANGE-STS304', '50A*10K', 'EA', 'FLANGE-STS304|50A*10K|EA'),
  ('0f91cf59-a3e9-5c65-bf62-80fb2a427d71', 'GASKET-EPDM', '50A', 'EA', 'GASKET-EPDM|50A|EA'),
  ('76339847-574f-5389-aa89-270b274c7956', 'FLEXIBLE-STS304', '50A*L300', 'EA', 'FLEXIBLE-STS304|50A*L300|EA'),
  ('975a1fae-feb4-5884-aa38-1d7cda1edbd5', 'HEX.B/N-STS304', 'M16', 'LOT', 'HEX.B/N-STS304|M16|LOT'),
  ('58cbd74c-94f3-5117-9e8f-eb666de1688c', 'Q-COUPLING-STS304', '2"', 'SET', 'Q-COUPLING-STS304|2"|SET'),
  ('f591d9c4-a139-5663-99b4-3196c4423bae', 'HEATING CABLE', '30W', 'M', 'HEATINGCABLE|30W|M'),
  ('7bc5d051-1dd7-5026-90e5-46bcdfc6d4ab', 'CONTROL PANNEL(온도CONTROLLER)', NULL, 'SET', 'CONTROLPANNEL(온도CONTROLLER)||SET'),
  ('3754954a-0a9f-558b-a142-da8034f0dcc5', '현장설치비', NULL, 'LOT', '현장설치비||LOT'),
  ('f0e32574-fd1c-5c2f-8af2-5883e837a382', 'GLASS WOOL', 't50', 'LOT', 'GLASSWOOL|T50|LOT'),
  ('9c476dd1-a08f-57f0-9a58-766986965cf2', 'COLOR SHEET', NULL, 'LOT', 'COLORSHEET||LOT'),
  ('ba25e190-77d6-570d-826f-0d40de6f71cb', '배관보온공사비', '자재+인건비', 'LOT', '배관보온공사비|자재+인건비|LOT'),
  ('5c1f20db-f6fc-5988-a393-19f6d11e9c5d', '운반비', NULL, 'LOT', '운반비||LOT'),
  ('3ac16ef9-ddde-5f9c-a6d1-9405ca7171b6', '장비사용료', NULL, 'LOT', '장비사용료||LOT'),
  ('bc38af6e-0a55-5a4a-90cc-b179b53514a4', '배관공', NULL, '인', '배관공||인'),
  ('9c1cd798-5871-5459-9664-8ce6fccafd65', '보통인부', NULL, '인', '보통인부||인'),
  ('d1be6100-cb51-50d7-98e2-9c1eae0de948', '기계설비공', NULL, '인', '기계설비공||인'),
  ('6b727e38-b794-52cc-acaa-94930cd20c40', '형틀목공', NULL, '인', '형틀목공||인'),
  ('dda95de5-dd51-5bbb-b2dc-ceff8d6a8433', '플랜트기계설치공', NULL, '인', '플랜트기계설치공||인'),
  ('53ef657b-1be8-571d-8bea-31079719d226', '비계공', NULL, '인', '비계공||인'),
  ('533d9825-ad79-5600-ab4e-7f83acd1883c', '건설기계운전사', NULL, '인', '건설기계운전사||인'),
  ('eef59469-85bb-5287-947e-29f0821229aa', '특별인부', NULL, '인', '특별인부||인'),
  ('b4384e28-8452-5a7e-aec8-2f4108a60f68', '보온공', NULL, '인', '보온공||인');

insert into reference_price_quote (id, price_item_id, basis_month, source_type, quoted_unit_price) values
  ('4cf638cb-d993-5829-8b7c-98fa6749b17a', 'a2ce9b08-78cb-5db9-a127-9d184744706c', DATE '2026-06-01', '조사단가A업체', 3400000),
  ('f134c0c3-002d-5dc7-9005-b80aa53de768', 'a2ce9b08-78cb-5db9-a127-9d184744706c', DATE '2026-06-01', '조사단가B업체', 14700000),
  ('e9fa3b74-bbe8-58b1-81ce-d8426079a38e', 'a2ce9b08-78cb-5db9-a127-9d184744706c', DATE '2026-06-01', '조사단가C업체', 9660000),
  ('1b7eec87-b176-537e-9ffa-8de85f696205', '690dcf8e-04af-5736-ab54-551dabda201b', DATE '2026-06-01', '조사단가A업체', 2877200),
  ('5184b7fd-b5d1-5056-a7bb-63ba9cc90f17', 'da784c00-bb4a-5c49-a4d2-771b9bb8f378', DATE '2026-06-01', '조사단가A업체', 1898000),
  ('a0424654-c4af-52ae-b23b-76ceb7b99588', 'da784c00-bb4a-5c49-a4d2-771b9bb8f378', DATE '2026-06-01', '조사단가C업체', 2580000),
  ('754de33d-3fb7-5573-8f85-e3052c9779d2', '2025ae9b-8772-5be1-b76a-932672412de4', DATE '2026-06-01', '조사단가A업체', 621600),
  ('fbc8630d-3792-51a3-8adb-c498b71a1b0a', '2025ae9b-8772-5be1-b76a-932672412de4', DATE '2026-06-01', '조사단가C업체', 1260000),
  ('3f2025d0-9c72-514a-bca0-9b2f710c1d3c', 'c4ef5ea4-82f9-5d8a-a270-dc353dc3d2ac', DATE '2026-06-01', '조사단가A업체', 75000),
  ('863d3994-f89a-5687-805e-e1dd59136d95', 'd5450848-957d-5985-96b8-fc960293b679', DATE '2026-06-01', '조사단가A업체', 65000),
  ('f21d5e4f-395e-5f88-87fa-23217fb7bb7a', 'c61e40e3-72b3-57f1-9fed-3b939cc0ed19', DATE '2026-06-01', '조사단가A업체', 65000),
  ('713d51cb-aa7e-5ac8-9642-b9396994f46a', 'e7a6c31d-bb44-5c08-a57d-5401495a4027', DATE '2026-06-01', '조사단가A업체', 1100000),
  ('39e8bb4b-e27e-527a-b42c-578333780b90', 'ab571ed0-28ff-5314-be5a-873927627596', DATE '2026-06-01', '조사단가A업체', 500000),
  ('703da6aa-1c40-580a-a004-aaa98a74a1a4', '6c370dcd-0ab4-5b17-b891-472f634408a9', DATE '2026-06-01', '조사단가A업체', 420000),
  ('0fbac42b-5fd2-5d3d-ba0c-4efff2817848', '8bfe8fdf-cc02-5de8-963d-01be33b89929', DATE '2026-06-01', '조사단가A업체', 150000),
  ('d8a1f74e-41ec-5151-a111-93b70c65b041', 'f05b7110-cd3a-5789-b022-7585b0a77395', DATE '2026-06-01', '조사단가A업체', 550000),
  ('6efad5e1-4932-5e31-b078-c11b6c473e9b', '7c3febf2-a99b-596f-99ad-b25c325bd3c4', DATE '2026-06-01', '조사단가A업체', 1400000),
  ('70d4d273-6f78-5f06-bb50-4849c9ca5b62', '7c3febf2-a99b-596f-99ad-b25c325bd3c4', DATE '2026-06-01', '조사단가B업체', 1000000),
  ('cd4c7fbe-704f-54dc-bf4f-b63aa9b003d2', 'b711c3ed-170f-5047-b94e-93e5de1ac85e', DATE '2026-06-01', '조사단가A업체', 1450000),
  ('ad01fd49-9fa1-54c2-b190-42e517f4182c', 'b711c3ed-170f-5047-b94e-93e5de1ac85e', DATE '2026-06-01', '조사단가B업체', 1500000),
  ('09abe9ff-10a3-52b9-9ac5-a1053a8d45a2', 'b711c3ed-170f-5047-b94e-93e5de1ac85e', DATE '2026-06-01', '조사단가C업체', 2500000),
  ('9fabfea6-2f67-5f8f-b623-0e877162302b', '76d41498-0003-53d4-892b-3478cfeb19ff', DATE '2026-06-01', '조사단가A업체', 135000),
  ('2db9a3de-fa80-5660-a2ac-8ff5be8b0c8b', 'f9f23610-a7e9-5dd5-8fc3-8f8435cafa0f', DATE '2026-06-01', '조사단가A업체', 30000),
  ('fbeac48e-57c3-5034-b634-8791c772f941', 'f9f23610-a7e9-5dd5-8fc3-8f8435cafa0f', DATE '2026-06-01', '조사단가B업체', 3000000),
  ('8729ae7f-a59a-5105-b0a3-a64862279776', 'b462cd9f-1b13-5ea6-bc46-b007e7c5bd9e', DATE '2026-06-01', '조사단가A업체', 25000),
  ('93469dcb-827f-5ef1-b4ba-2f523fc2e2fa', '5a054df6-b10c-5c7b-bcbb-b457cb0bae7b', DATE '2026-06-01', '조사단가A업체', 30000),
  ('0ca0a7b8-59e6-5fa3-b2d0-911709b6ab33', '5a054df6-b10c-5c7b-bcbb-b457cb0bae7b', DATE '2026-06-01', '조사단가B업체', 3000000),
  ('169c505b-cce2-5969-816a-8387144c3d6e', '87d7dbef-c494-5a4b-b2d1-b33e902343a3', DATE '2026-06-01', '조사단가A업체', 20000),
  ('e7ee9a06-8ac3-588e-9cd9-3489f73ab3e6', 'a2f5648b-5957-53ea-82ed-0b1bae9029ca', DATE '2026-06-01', '조사단가A업체', 15000),
  ('cf9d71ab-28f4-5589-92f9-47f07977102a', 'e985c961-2b1b-50ff-90de-8f84162bd6c2', DATE '2026-06-01', '조사단가A업체', 28000),
  ('036c3a8e-94f2-53cc-98be-a5fbc4575c4c', '9c96602d-8a9a-5e58-b467-d44fc67793b6', DATE '2026-06-01', '조사단가A업체', 83000),
  ('77cfec59-a09b-53d6-9139-be11d0127bc5', '3ba67b6d-c486-563e-81dd-b973681d57b2', DATE '2026-06-01', '조사단가A업체', 700000),
  ('d93f7ce4-7b11-58d8-84fe-8c5a7479ef41', '3ba67b6d-c486-563e-81dd-b973681d57b2', DATE '2026-06-01', '조사단가B업체', 3000000),
  ('ae68df3d-f03a-5385-b15e-61e25167a443', 'ad256376-96ad-56a7-ae13-0c6386956d46', DATE '2026-06-01', '조사단가A업체', 50000),
  ('4255c5be-9f7b-513f-963b-2c427ce9b8b4', 'ad256376-96ad-56a7-ae13-0c6386956d46', DATE '2026-06-01', '조사단가B업체', 1500000),
  ('3b365acf-11ec-5f1b-b914-a2474a5b5df5', 'ad256376-96ad-56a7-ae13-0c6386956d46', DATE '2026-06-01', '조사단가C업체', 200000),
  ('ec389b35-61ee-532e-946f-63828c08c248', '474bde15-b137-5c83-8f83-0a3d6ce2c902', DATE '2026-06-01', '조사단가A업체', 500000),
  ('2cc507cc-97b8-5e02-8f32-9a621f9c86d5', '474bde15-b137-5c83-8f83-0a3d6ce2c902', DATE '2026-06-01', '조사단가C업체', 1000000),
  ('e4c38d52-04cc-5c79-b602-fc06f3498e4d', 'd360ebbe-3d2f-53f7-af28-89d308e51f42', DATE '2026-06-01', '조사단가A업체', 2500000),
  ('88b2e2e3-853f-5b1d-ac1c-f82ab91290a2', 'd360ebbe-3d2f-53f7-af28-89d308e51f42', DATE '2026-06-01', '조사단가B업체', 2500000),
  ('b0e9d1e0-93a1-56ab-82ab-2bb81961e3b0', 'd360ebbe-3d2f-53f7-af28-89d308e51f42', DATE '2026-06-01', '조사단가C업체', 3500000),
  ('7bd457df-378f-5098-a277-b709c1fb5357', '5c1fe31b-a75a-5fb8-9d5e-b45d7f17c6c9', DATE '2026-06-01', '조사단가A업체', 15000000),
  ('c8066c44-e256-5a60-bc52-a89cc59d394b', '5c1fe31b-a75a-5fb8-9d5e-b45d7f17c6c9', DATE '2026-06-01', '조사단가B업체', 20000000),
  ('25e3fc7a-606e-57c0-a0e9-dbdbd3f179a5', '5c1fe31b-a75a-5fb8-9d5e-b45d7f17c6c9', DATE '2026-06-01', '조사단가C업체', 22000000),
  ('c082887a-d0bd-5b3e-8ee3-eed431847511', 'b8fa34df-932d-523e-9ff0-f4de0615344a', DATE '2026-06-01', '조사단가A업체', 1700000),
  ('cdd1528d-df1b-59d4-8f10-2f5dc459b6a0', '1e6930d2-978c-5f8b-9b08-be7199d6d361', DATE '2026-06-01', '조사단가A업체', 2700000),
  ('f5faa3cf-8e02-5083-988b-46dd88b059bb', '1e6930d2-978c-5f8b-9b08-be7199d6d361', DATE '2026-06-01', '조사단가C업체', 4000000),
  ('1bb76364-646b-5d52-b4fa-c08c4fe3804f', 'dba5ce8e-6588-58ba-beac-f6b398df821e', DATE '2026-06-01', '조사단가A업체', 3500000),
  ('8b710faf-1d50-53aa-ac11-0b332d688e84', 'dba5ce8e-6588-58ba-beac-f6b398df821e', DATE '2026-06-01', '조사단가C업체', 4000000),
  ('dee44621-c4bc-503b-87ce-6f2965bd1638', 'f2267886-4521-5b8b-a06c-81a903a271a0', DATE '2026-06-01', '조사단가A업체', 1500000),
  ('d71b4366-f8ea-53e5-9aac-c291b1344ef1', 'f2267886-4521-5b8b-a06c-81a903a271a0', DATE '2026-06-01', '조사단가C업체', 3000000),
  ('d23ffe8b-d8d5-5d15-aded-d11b452ad2bc', '85bc2d3c-2842-5c2b-aa9c-1f02a9c22ef7', DATE '2026-06-01', '조사단가A업체', 150000),
  ('886c5f1b-87b3-58bd-b6d5-e0e8f42aca8e', '85bc2d3c-2842-5c2b-aa9c-1f02a9c22ef7', DATE '2026-06-01', '조사단가B업체', 10100000),
  ('b72d196e-dfb7-5dbe-a578-7bb608468e32', 'b691a2d2-ecab-5ca0-905f-140c19b9896d', DATE '2026-06-01', '조사단가A업체', 300000),
  ('78225399-e29f-55c3-8146-c0ae9785b66c', 'd64da003-1ef6-5862-8bff-ca5a8536913b', DATE '2026-06-01', '조사단가A업체', 16000),
  ('b28cf9e4-e336-5cc8-bbfa-17a7a0f05fd8', '8ee01715-0f0e-5e4f-9ea4-c215f76d5f75', DATE '2026-06-01', '조사단가A업체', 15000),
  ('ed1a378d-2221-5105-89c3-1cb5ebce6dc4', '8c36dd10-ba63-504e-885b-43206f4cb643', DATE '2026-06-01', '조사단가A업체', 24000),
  ('0c2d7f35-19f5-52d3-a817-b7d25d8c27dd', '0f91cf59-a3e9-5c65-bf62-80fb2a427d71', DATE '2026-06-01', '조사단가A업체', 2000),
  ('13d0a5a9-3567-512b-b031-fc47b50697b3', '76339847-574f-5389-aa89-270b274c7956', DATE '2026-06-01', '조사단가A업체', 90000),
  ('06a840d6-ee35-5092-a610-ddff3f627fd9', '975a1fae-feb4-5884-aa38-1d7cda1edbd5', DATE '2026-06-01', '조사단가A업체', 80000),
  ('4305a473-38b5-5f6a-a6b4-01a2bd29d2ed', '58cbd74c-94f3-5117-9e8f-eb666de1688c', DATE '2026-06-01', '조사단가A업체', 80000),
  ('3ba242f1-5281-541c-8b91-764e3c843103', 'f591d9c4-a139-5663-99b4-3196c4423bae', DATE '2026-06-01', '거래가격', 14000),
  ('129c120d-d80c-553d-96db-c2955c104420', 'f591d9c4-a139-5663-99b4-3196c4423bae', DATE '2026-06-01', '조사단가A업체', 7000),
  ('9965bf18-1fd5-5877-8bca-4e13ccc109fe', 'f591d9c4-a139-5663-99b4-3196c4423bae', DATE '2026-06-01', '조사단가B업체', 9000000),
  ('ca5aee51-6b3a-5f1a-91d9-edcc118d1cbe', 'f591d9c4-a139-5663-99b4-3196c4423bae', DATE '2026-06-01', '조사단가C업체', 5000000),
  ('54859805-55c4-56e3-b16f-a8eaf9f352c0', '7bc5d051-1dd7-5026-90e5-46bcdfc6d4ab', DATE '2026-06-01', '조사단가A업체', 3000000),
  ('0879772a-7e90-52da-87ae-5ecb7f1ce7f1', '7bc5d051-1dd7-5026-90e5-46bcdfc6d4ab', DATE '2026-06-01', '조사단가B업체', 5000000),
  ('7ca0dfb1-429e-533c-9996-5a4a633e6401', '7bc5d051-1dd7-5026-90e5-46bcdfc6d4ab', DATE '2026-06-01', '조사단가C업체', 2500000),
  ('d2eb0acb-45cf-562b-a0da-4aada1a9a579', '3754954a-0a9f-558b-a142-da8034f0dcc5', DATE '2026-06-01', '조사단가A업체', 1200000),
  ('16eccdd5-8814-5240-9335-12a9b567e62f', 'f0e32574-fd1c-5c2f-8af2-5883e837a382', DATE '2026-06-01', '조사단가A업체', 800000),
  ('3d97ac92-06a0-50d7-ac14-b617bf5e6493', 'f0e32574-fd1c-5c2f-8af2-5883e837a382', DATE '2026-06-01', '조사단가C업체', 4000000),
  ('795d733c-fb31-5120-b77b-fa4b92bd3012', '9c476dd1-a08f-57f0-9a58-766986965cf2', DATE '2026-06-01', '조사단가A업체', 1200000),
  ('f0f34ae0-8a53-50ad-b705-fe3306176668', '9c476dd1-a08f-57f0-9a58-766986965cf2', DATE '2026-06-01', '조사단가C업체', 4500000),
  ('47a368f9-a099-5154-a5f5-56cc46d5e5bc', 'ba25e190-77d6-570d-826f-0d40de6f71cb', DATE '2026-06-01', '조사단가A업체', 3000000),
  ('ae7f0f8d-82b3-527e-8186-77559336e421', '5c1f20db-f6fc-5988-a393-19f6d11e9c5d', DATE '2026-06-01', '조사단가A업체', 1200000),
  ('3902f837-396a-5992-abbc-c67e4245cd5e', '5c1f20db-f6fc-5988-a393-19f6d11e9c5d', DATE '2026-06-01', '조사단가B업체', 4500000),
  ('30a27c63-7645-5f4b-a58a-a4056bcdb341', '5c1f20db-f6fc-5988-a393-19f6d11e9c5d', DATE '2026-06-01', '조사단가C업체', 2000000),
  ('8cf75c54-f0ad-5dfe-9fb6-d262bdb0bb6b', '3ac16ef9-ddde-5f9c-a6d1-9405ca7171b6', DATE '2026-06-01', '조사단가A업체', 3000000),
  ('bd9615c9-325b-5b8e-984a-586f031f7605', '3ac16ef9-ddde-5f9c-a6d1-9405ca7171b6', DATE '2026-06-01', '조사단가C업체', 2000000);

insert into applied_price (id, revision_id, price_item_id, selection_rule, applied_unit_price, cost_category_code) values
  ('713cb3a5-b7a4-5b7c-852f-92d88600b8c6', '3899de89-8220-5835-9773-5c05b4f1e0ab', 'a2ce9b08-78cb-5db9-a127-9d184744706c', '수기선택(조사단가 기준)', 3400000, 'MAT'),
  ('7873ad35-0cd6-5c92-8114-d6621b6c8336', '3899de89-8220-5835-9773-5c05b4f1e0ab', '690dcf8e-04af-5736-ab54-551dabda201b', '수기선택(조사단가 기준)', 2877200, 'MAT'),
  ('ae7f9196-c141-5543-bdc6-eb6e25f12067', '3899de89-8220-5835-9773-5c05b4f1e0ab', 'da784c00-bb4a-5c49-a4d2-771b9bb8f378', '수기선택(조사단가 기준)', 1898000, 'MAT'),
  ('3045451c-c9b8-571f-a5af-89b00b9d7c47', '3899de89-8220-5835-9773-5c05b4f1e0ab', '2025ae9b-8772-5be1-b76a-932672412de4', '수기선택(조사단가 기준)', 621600, 'MAT'),
  ('abb29501-7bfb-5684-bde2-dffc0b59a34b', '3899de89-8220-5835-9773-5c05b4f1e0ab', 'c4ef5ea4-82f9-5d8a-a270-dc353dc3d2ac', '수기선택(조사단가 기준)', 75000, 'MAT'),
  ('faa9c201-429d-5fa5-9304-6a77fdaf9558', '3899de89-8220-5835-9773-5c05b4f1e0ab', 'd5450848-957d-5985-96b8-fc960293b679', '수기선택(조사단가 기준)', 65000, 'MAT'),
  ('ebe5db41-a824-51bb-a09d-6ac01653e545', '3899de89-8220-5835-9773-5c05b4f1e0ab', 'c61e40e3-72b3-57f1-9fed-3b939cc0ed19', '수기선택(조사단가 기준)', 65000, 'MAT'),
  ('574e91ea-cbaf-5cba-8448-fa685e2ddbfa', '3899de89-8220-5835-9773-5c05b4f1e0ab', 'e7a6c31d-bb44-5c08-a57d-5401495a4027', '수기선택(조사단가 기준)', 1100000, 'MAT'),
  ('ee05b4b0-7b97-5462-9c77-21c5d635a3db', '3899de89-8220-5835-9773-5c05b4f1e0ab', 'ab571ed0-28ff-5314-be5a-873927627596', '수기선택(조사단가 기준)', 500000, 'MAT'),
  ('19e346b1-5d95-520e-b918-89ae33b7439e', '3899de89-8220-5835-9773-5c05b4f1e0ab', '6c370dcd-0ab4-5b17-b891-472f634408a9', '수기선택(조사단가 기준)', 420000, 'MAT'),
  ('ad3145f6-cb7e-5a87-adff-c05f31f7546a', '3899de89-8220-5835-9773-5c05b4f1e0ab', '8bfe8fdf-cc02-5de8-963d-01be33b89929', '수기선택(조사단가 기준)', 150000, 'MAT'),
  ('efa88772-67e4-5f45-b196-eec9d90dbc22', '3899de89-8220-5835-9773-5c05b4f1e0ab', 'f05b7110-cd3a-5789-b022-7585b0a77395', '수기선택(조사단가 기준)', 550000, 'MAT'),
  ('3e7bb6c1-42b1-5267-935f-5b21fb0b8d88', '3899de89-8220-5835-9773-5c05b4f1e0ab', '7c3febf2-a99b-596f-99ad-b25c325bd3c4', '수기선택(조사단가 기준)', 1400000, 'MAT'),
  ('827c88e1-be4d-57f0-ba9c-f4f2a042eebe', '3899de89-8220-5835-9773-5c05b4f1e0ab', 'b711c3ed-170f-5047-b94e-93e5de1ac85e', '수기선택(조사단가 기준)', 1450000, 'MAT'),
  ('8f74923a-a98b-57cf-88a0-ff0294877e6f', '3899de89-8220-5835-9773-5c05b4f1e0ab', '76d41498-0003-53d4-892b-3478cfeb19ff', '수기선택(조사단가 기준)', 135000, 'MAT'),
  ('f7c33797-978d-5641-bb8c-714b39cbeb04', '3899de89-8220-5835-9773-5c05b4f1e0ab', 'f9f23610-a7e9-5dd5-8fc3-8f8435cafa0f', '수기선택(조사단가 기준)', 30000, 'MAT'),
  ('2dd26b6a-ded7-5993-a2ef-997e55af3ee5', '3899de89-8220-5835-9773-5c05b4f1e0ab', 'b462cd9f-1b13-5ea6-bc46-b007e7c5bd9e', '수기선택(조사단가 기준)', 25000, 'MAT'),
  ('dec9a063-2244-5de5-b6ac-dc7578af0966', '3899de89-8220-5835-9773-5c05b4f1e0ab', '5a054df6-b10c-5c7b-bcbb-b457cb0bae7b', '수기선택(조사단가 기준)', 30000, 'MAT'),
  ('6744e2a0-44bb-5217-8bda-678d1721a6a0', '3899de89-8220-5835-9773-5c05b4f1e0ab', '87d7dbef-c494-5a4b-b2d1-b33e902343a3', '수기선택(조사단가 기준)', 20000, 'MAT'),
  ('99d878b8-a3a0-5ebf-a872-99d9c66e3cbc', '3899de89-8220-5835-9773-5c05b4f1e0ab', 'a2f5648b-5957-53ea-82ed-0b1bae9029ca', '수기선택(조사단가 기준)', 15000, 'MAT'),
  ('6a28eb52-92fe-50b0-9ff7-2051e48d42ab', '3899de89-8220-5835-9773-5c05b4f1e0ab', 'e985c961-2b1b-50ff-90de-8f84162bd6c2', '수기선택(조사단가 기준)', 28000, 'MAT'),
  ('c26b9afe-91a1-5bb0-9bd3-448342acebcc', '3899de89-8220-5835-9773-5c05b4f1e0ab', '9c96602d-8a9a-5e58-b467-d44fc67793b6', '수기선택(조사단가 기준)', 83000, 'MAT'),
  ('2ca10a70-1978-534f-b9cd-152b13b46012', '3899de89-8220-5835-9773-5c05b4f1e0ab', '3ba67b6d-c486-563e-81dd-b973681d57b2', '수기선택(조사단가 기준)', 700000, 'MAT'),
  ('a53a7a97-3dc8-5b67-8b12-a1acb12fed17', '3899de89-8220-5835-9773-5c05b4f1e0ab', 'ad256376-96ad-56a7-ae13-0c6386956d46', '수기선택(조사단가 기준)', 50000, 'MAT'),
  ('10a1fa5e-db4d-597d-8521-f0510000ba02', '3899de89-8220-5835-9773-5c05b4f1e0ab', '474bde15-b137-5c83-8f83-0a3d6ce2c902', '수기선택(조사단가 기준)', 500000, 'MAT'),
  ('1bd4cfde-6a86-5135-ac8b-3b3658d986b0', '3899de89-8220-5835-9773-5c05b4f1e0ab', 'd360ebbe-3d2f-53f7-af28-89d308e51f42', '수기선택(조사단가 기준)', 2500000, 'MAT'),
  ('2ed300c9-fb70-508c-ad02-5b071aeb7f7c', '3899de89-8220-5835-9773-5c05b4f1e0ab', '5c1fe31b-a75a-5fb8-9d5e-b45d7f17c6c9', '수기선택(조사단가 기준)', 15000000, 'MAT'),
  ('0d2a8423-a39e-5a6a-a0c3-bf643ec2d394', '3899de89-8220-5835-9773-5c05b4f1e0ab', 'b8fa34df-932d-523e-9ff0-f4de0615344a', '수기선택(조사단가 기준)', 1700000, 'MAT'),
  ('53b473e3-1176-563b-8a2c-1ad7e5c1d9ac', '3899de89-8220-5835-9773-5c05b4f1e0ab', '1e6930d2-978c-5f8b-9b08-be7199d6d361', '수기선택(조사단가 기준)', 2700000, 'MAT'),
  ('18cb386f-1d0a-5647-a1fd-d30ee1e8a76a', '3899de89-8220-5835-9773-5c05b4f1e0ab', 'dba5ce8e-6588-58ba-beac-f6b398df821e', '수기선택(조사단가 기준)', 3500000, 'MAT'),
  ('fd8db430-718b-5662-9680-35296a04fdc7', '3899de89-8220-5835-9773-5c05b4f1e0ab', 'f2267886-4521-5b8b-a06c-81a903a271a0', '수기선택(조사단가 기준)', 1500000, 'MAT'),
  ('e02ef9ec-98b6-59a6-a520-449a172112ce', '3899de89-8220-5835-9773-5c05b4f1e0ab', '85bc2d3c-2842-5c2b-aa9c-1f02a9c22ef7', '수기선택(조사단가 기준)', 150000, 'MAT'),
  ('655980bb-6556-5bd3-98da-948fbc26b898', '3899de89-8220-5835-9773-5c05b4f1e0ab', 'b691a2d2-ecab-5ca0-905f-140c19b9896d', '수기선택(조사단가 기준)', 300000, 'MAT'),
  ('5cfb256d-f06e-54c7-ad29-b679134f39dd', '3899de89-8220-5835-9773-5c05b4f1e0ab', 'd64da003-1ef6-5862-8bff-ca5a8536913b', '수기선택(조사단가 기준)', 16000, 'MAT'),
  ('9145b7b3-fbbd-5818-b173-f2fd70479949', '3899de89-8220-5835-9773-5c05b4f1e0ab', '8ee01715-0f0e-5e4f-9ea4-c215f76d5f75', '수기선택(조사단가 기준)', 15000, 'MAT'),
  ('d9e6d8b3-75d0-5127-9bc0-9b886177cf38', '3899de89-8220-5835-9773-5c05b4f1e0ab', '8c36dd10-ba63-504e-885b-43206f4cb643', '수기선택(조사단가 기준)', 24000, 'MAT'),
  ('70476406-6365-5af4-83e7-0fccc7d594b6', '3899de89-8220-5835-9773-5c05b4f1e0ab', '0f91cf59-a3e9-5c65-bf62-80fb2a427d71', '수기선택(조사단가 기준)', 2000, 'MAT'),
  ('c56d568a-ef33-5fd2-98f6-9190fa1e3c38', '3899de89-8220-5835-9773-5c05b4f1e0ab', '76339847-574f-5389-aa89-270b274c7956', '수기선택(조사단가 기준)', 90000, 'MAT'),
  ('e2f77949-e26e-54fe-b5f8-8ca1a3ed10aa', '3899de89-8220-5835-9773-5c05b4f1e0ab', '975a1fae-feb4-5884-aa38-1d7cda1edbd5', '수기선택(조사단가 기준)', 80000, 'MAT'),
  ('6fae3e27-dd2f-59f7-843b-d530229807ec', '3899de89-8220-5835-9773-5c05b4f1e0ab', '58cbd74c-94f3-5117-9e8f-eb666de1688c', '수기선택(조사단가 기준)', 80000, 'MAT'),
  ('de12a0eb-413b-5dcf-a354-60ba2c73f4f7', '3899de89-8220-5835-9773-5c05b4f1e0ab', 'f591d9c4-a139-5663-99b4-3196c4423bae', '수기선택(조사단가 기준)', 7000, 'MAT'),
  ('c55e00b1-35a4-50b6-a620-dfd502deaa34', '3899de89-8220-5835-9773-5c05b4f1e0ab', '7bc5d051-1dd7-5026-90e5-46bcdfc6d4ab', '수기선택(조사단가 기준)', 3000000, 'MAT'),
  ('7093366b-d90a-5fdf-8d7b-0fb5e5dd8c76', '3899de89-8220-5835-9773-5c05b4f1e0ab', '3754954a-0a9f-558b-a142-da8034f0dcc5', '수기선택(조사단가 기준)', 1200000, 'MAT'),
  ('9661da6c-8b14-55d9-af03-e6fbcd322d42', '3899de89-8220-5835-9773-5c05b4f1e0ab', 'f0e32574-fd1c-5c2f-8af2-5883e837a382', '수기선택(조사단가 기준)', 800000, 'MAT'),
  ('e4d08457-6352-571e-88b3-a8ffab69a2d1', '3899de89-8220-5835-9773-5c05b4f1e0ab', '9c476dd1-a08f-57f0-9a58-766986965cf2', '수기선택(조사단가 기준)', 1200000, 'MAT'),
  ('523c25ea-58cd-5dff-b1ef-acedc017467d', '3899de89-8220-5835-9773-5c05b4f1e0ab', 'ba25e190-77d6-570d-826f-0d40de6f71cb', '수기선택(조사단가 기준)', 3000000, 'MAT'),
  ('06a503d3-fb26-5608-9fe0-50ed8316d74e', '3899de89-8220-5835-9773-5c05b4f1e0ab', '5c1f20db-f6fc-5988-a393-19f6d11e9c5d', '수기선택(조사단가 기준)', 1200000, 'MAT'),
  ('ad0a6a1f-710c-5b7c-b01c-809c3085fb42', '3899de89-8220-5835-9773-5c05b4f1e0ab', '3ac16ef9-ddde-5f9c-a6d1-9405ca7171b6', '수기선택(조사단가 기준)', 3000000, 'MAT'),
  ('94f5dbfa-6e95-5402-ba98-9bc6d881e4cc', '3899de89-8220-5835-9773-5c05b4f1e0ab', 'bc38af6e-0a55-5a4a-90cc-b179b53514a4', '수기선택(조사단가 기준)', 247897, 'LAB'),
  ('ab74a071-c02e-521a-929c-609175ad21bd', '3899de89-8220-5835-9773-5c05b4f1e0ab', '9c1cd798-5871-5459-9664-8ce6fccafd65', '수기선택(조사단가 기준)', 172068, 'LAB'),
  ('316c2f2a-c230-58c1-8cc5-ad916ed86c8e', '3899de89-8220-5835-9773-5c05b4f1e0ab', 'd1be6100-cb51-50d7-98e2-9c1eae0de948', '수기선택(조사단가 기준)', 241698, 'LAB'),
  ('dc540d6b-ed39-534b-ba28-73aeadf726eb', '3899de89-8220-5835-9773-5c05b4f1e0ab', '6b727e38-b794-52cc-acaa-94930cd20c40', '수기선택(조사단가 기준)', 275790, 'LAB'),
  ('e529e13f-4a74-5621-b6d0-a300d534f0a7', '3899de89-8220-5835-9773-5c05b4f1e0ab', 'dda95de5-dd51-5bbb-b2dc-ceff8d6a8433', '수기선택(조사단가 기준)', 230376, 'LAB'),
  ('5b8fcae5-d412-5a9a-921c-b57b1332b8b3', '3899de89-8220-5835-9773-5c05b4f1e0ab', '53ef657b-1be8-571d-8bea-31079719d226', '수기선택(조사단가 기준)', 281939, 'LAB'),
  ('06d50b09-c0a1-575a-98e2-378aa79dd26c', '3899de89-8220-5835-9773-5c05b4f1e0ab', '533d9825-ad79-5600-ab4e-7f83acd1883c', '수기선택(조사단가 기준)', 283297, 'LAB'),
  ('94c65b45-3b24-546c-a49c-cd105b438341', '3899de89-8220-5835-9773-5c05b4f1e0ab', 'eef59469-85bb-5287-947e-29f0821229aa', '수기선택(조사단가 기준)', 226122, 'LAB'),
  ('d755d2d7-1219-537f-a00b-a14a7eb2cb84', '3899de89-8220-5835-9773-5c05b4f1e0ab', 'b4384e28-8452-5a7e-aec8-2f4108a60f68', '수기선택(조사단가 기준)', 217012, 'LAB');

insert into unit_cost_item (id, revision_id, unit_cost_no, item_name, specification, unit, material_amount, labor_amount, expense_amount, total_amount) values
  ('43a45c58-e01a-5bdd-8575-bd473398a3fc', '3899de89-8220-5835-9773-5c05b4f1e0ab', '1호', '강관 용접 배관', 'D50', 'M', 494, 24724, 0, 25218),
  ('9f94c382-ae45-55ec-983b-be981cb72d37', '3899de89-8220-5835-9773-5c05b4f1e0ab', '2호', '발열선 설치', NULL, 'M', 0, 5140, 0, 5140),
  ('677bcc6e-8a2e-5fbb-9528-966b9f163c0d', '3899de89-8220-5835-9773-5c05b4f1e0ab', '3호', '탱크설치', NULL, '대', 0, 3053237, 0, 3053237),
  ('f82690fa-7015-5b2e-bf70-2f67f37b83ec', '3899de89-8220-5835-9773-5c05b4f1e0ab', '4호', '탱크철거', NULL, '대', 0, 1526617, 0, 1526617);

insert into unit_cost_component (id, unit_cost_item_id, sort_order, component_name, specification, unit, quantity, price_item_id, material_unit_price, labor_unit_price, expense_unit_price, material_amount, labor_amount, expense_amount, total_unit_price, total_amount) values
  ('7899ce71-b102-50ee-be18-24261b10ed9e', '43a45c58-e01a-5bdd-8575-bd473398a3fc', 1, '배관공', NULL, '인', 0.081, 'bc38af6e-0a55-5a4a-90cc-b179b53514a4', 0, 247897, 0, 0, 20079, 0, 247897, 20079),
  ('263b7361-9674-5af7-adc3-60bbc9c945d9', '43a45c58-e01a-5bdd-8575-bd473398a3fc', 2, '보통인부', NULL, '인', 0.027000000000000003, '9c1cd798-5871-5459-9664-8ce6fccafd65', NULL, 172068, 0, NULL, 4645, 0, 172068, 4645),
  ('4affcb96-3282-5c2a-b67e-4e48c2f84154', '43a45c58-e01a-5bdd-8575-bd473398a3fc', 3, '공구손료 및 경장비의 기계경비', '인력품의 2%', '식', 1, NULL, 494, NULL, NULL, 494, NULL, NULL, 494, 494),
  ('c9011625-a01a-55e8-93aa-f079949eb241', '9f94c382-ae45-55ec-983b-be981cb72d37', 4, '기계설비공', NULL, '인', 0.017, 'd1be6100-cb51-50d7-98e2-9c1eae0de948', 0, 241698, 0, 0, 4108, 0, 241698, 4108),
  ('9bcf454c-bdd8-5c8d-ab68-60ece8f2e009', '9f94c382-ae45-55ec-983b-be981cb72d37', 5, '보통인부', NULL, '인', 0.006, '9c1cd798-5871-5459-9664-8ce6fccafd65', NULL, 172068, 0, NULL, 1032, 0, 172068, 1032),
  ('b84ce3f5-a3e4-5dca-827a-53198ef74e0c', '677bcc6e-8a2e-5fbb-9528-966b9f163c0d', 6, '형틀목공', NULL, '인', 0.13, '6b727e38-b794-52cc-acaa-94930cd20c40', 0, 275790, 0, 0, 35852, 0, 275790, 35852),
  ('38b963c5-efd0-543b-a5f2-6ea6f47a3568', '677bcc6e-8a2e-5fbb-9528-966b9f163c0d', 7, '플랜트기계설치공', NULL, '인', 2.13, 'dda95de5-dd51-5bbb-b2dc-ceff8d6a8433', NULL, 230376, 0, NULL, 490700, 0, 230376, 490700),
  ('937a1997-81d2-585c-ac66-016cb449c2a8', '677bcc6e-8a2e-5fbb-9528-966b9f163c0d', 8, '비계공', NULL, '인', 0.23, '53ef657b-1be8-571d-8bea-31079719d226', NULL, 281939, 0, NULL, 64845, 0, 281939, 64845),
  ('cfd222d1-e732-558f-8518-39afae4403d4', '677bcc6e-8a2e-5fbb-9528-966b9f163c0d', 9, '건설기계운전사', NULL, '인', 0.78, '533d9825-ad79-5600-ab4e-7f83acd1883c', NULL, 283297, 0, NULL, 220971, 0, 283297, 220971),
  ('109d4eaa-cf27-51d5-8c93-dc1ee024b65f', '677bcc6e-8a2e-5fbb-9528-966b9f163c0d', 10, '특별인부', NULL, '인', 9.91, 'eef59469-85bb-5287-947e-29f0821229aa', NULL, 226122, 0, NULL, 2240869, 0, 226122, 2240869),
  ('d29c459e-c081-52d2-a01a-1ee2facf3fc7', 'f82690fa-7015-5b2e-bf70-2f67f37b83ec', 11, '형틀목공', NULL, '인', 0.065, '6b727e38-b794-52cc-acaa-94930cd20c40', 0, 275790, 0, 0, 17926, 0, 275790, 17926),
  ('3b43da9c-be7a-5d9d-9283-7859b691a8b1', 'f82690fa-7015-5b2e-bf70-2f67f37b83ec', 12, '플랜트기계설치공', NULL, '인', 1.065, 'dda95de5-dd51-5bbb-b2dc-ceff8d6a8433', NULL, 230376, 0, NULL, 245350, 0, 230376, 245350),
  ('8cc869e9-a76c-55e1-ba21-fa5a61f881ce', 'f82690fa-7015-5b2e-bf70-2f67f37b83ec', 13, '비계공', NULL, '인', 0.115, '53ef657b-1be8-571d-8bea-31079719d226', NULL, 281939, 0, NULL, 32422, 0, 281939, 32422),
  ('d0050cc8-6ea0-5c06-b7d5-8abab79c29f8', 'f82690fa-7015-5b2e-bf70-2f67f37b83ec', 14, '건설기계운전사', NULL, '인', 0.39, '533d9825-ad79-5600-ab4e-7f83acd1883c', NULL, 283297, 0, NULL, 110485, 0, 283297, 110485),
  ('6968f9f9-12e7-5816-b3c7-0066caa05e8a', 'f82690fa-7015-5b2e-bf70-2f67f37b83ec', 15, '특별인부', NULL, '인', 4.955, 'eef59469-85bb-5287-947e-29f0821229aa', NULL, 226122, 0, NULL, 1120434, 0, 226122, 1120434);

insert into cost_line (id, revision_id, sheet_role, line_code, sort_order, item_name, specification, unit, quantity, material_unit_price, material_amount, labor_unit_price, labor_amount, expense_unit_price, expense_amount, total_amount, note, price_item_id) values
  ('cbe2f83c-eef9-57ae-b1eb-6e46d92b3df8', '3899de89-8220-5835-9773-5c05b4f1e0ab', 'detail', '1. 자재비', 1, 'SHELL PLATE-STS304', 't6*5''*9200', 'SH', 2, 3400000, 6800000, NULL, 0, NULL, 0, 6800000, NULL, 'a2ce9b08-78cb-5db9-a127-9d184744706c'),
  ('fa5bbc28-494b-565e-9973-e07cbc7d60bb', '3899de89-8220-5835-9773-5c05b4f1e0ab', 'detail', '1. 자재비', 2, 'SHELL PLATE-STS304', 't5*5''*9200', 'SH', 1, 2877200, 2877200, NULL, NULL, NULL, NULL, 2877200, NULL, '690dcf8e-04af-5736-ab54-551dabda201b'),
  ('6c8f4924-2dba-50cc-b227-bde29febebd7', '3899de89-8220-5835-9773-5c05b4f1e0ab', 'detail', '1. 자재비', 3, 'BOTTOM CONE PLATE-STS304', 't8*5''*10''', 'SH', 2, 1898000, 3796000, NULL, NULL, NULL, NULL, 3796000, NULL, 'da784c00-bb4a-5c49-a4d2-771b9bb8f378'),
  ('31ae42cd-8322-5601-b4ea-a4e3cb4771ad', '3899de89-8220-5835-9773-5c05b4f1e0ab', 'detail', '1. 자재비', 4, 'ROOF PLATE-STS304', 't4*5''*10''', 'SH', 2, 621600, 1243200, NULL, NULL, NULL, NULL, 1243200, NULL, '2025ae9b-8772-5be1-b76a-932672412de4'),
  ('7c265862-1401-5e44-8c56-a54504d1bfc8', '3899de89-8220-5835-9773-5c05b4f1e0ab', 'detail', '1. 자재비', 5, 'TOP ANGLE-STS304', 'L-65*65*t6', 'M', 12, 75000, 900000, NULL, NULL, NULL, NULL, 900000, NULL, 'c4ef5ea4-82f9-5d8a-a270-dc353dc3d2ac'),
  ('75ff8135-64f3-533e-beea-38372994b9d9', '3899de89-8220-5835-9773-5c05b4f1e0ab', 'detail', '1. 자재비', 6, 'LEG-SS400', 'H-150*150', 'M', 10, 65000, 650000, NULL, NULL, NULL, NULL, 650000, NULL, 'd5450848-957d-5985-96b8-fc960293b679'),
  ('24216296-2c56-5d94-8e08-c2761ced4df2', '3899de89-8220-5835-9773-5c05b4f1e0ab', 'detail', '1. 자재비', 7, 'LOADCELL FRAME-SS400', 'H-150*150', 'M', 10, 65000, 650000, NULL, NULL, NULL, NULL, 650000, NULL, 'c61e40e3-72b3-57f1-9fed-3b939cc0ed19'),
  ('55f91370-fc35-5377-8550-fb7eba836998', '3899de89-8220-5835-9773-5c05b4f1e0ab', 'detail', '1. 자재비', 8, 'LOAD CELL', 'ULKS (ALL SUS)', 'EA', 4, 1100000, 4400000, NULL, NULL, NULL, NULL, 4400000, NULL, 'e7a6c31d-bb44-5c08-a57d-5401495a4027'),
  ('6949b90e-e81c-5111-a238-fc831ce2642f', '3899de89-8220-5835-9773-5c05b4f1e0ab', 'detail', '1. 자재비', 9, '인디케이터', 'AD510A', 'EA', 1, 500000, 500000, NULL, NULL, NULL, NULL, 500000, NULL, 'ab571ed0-28ff-5314-be5a-873927627596'),
  ('e65b8395-882c-5530-8a41-e2d52d50bd33', '3899de89-8220-5835-9773-5c05b4f1e0ab', 'detail', '1. 자재비', 10, '전기판넬', 'ADIP-SUS 외함', 'EA', 1, 420000, 420000, NULL, NULL, NULL, NULL, 420000, NULL, '6c370dcd-0ab4-5b17-b891-472f634408a9'),
  ('4974ecb9-08e9-58f7-be0e-93d249fb7ae5', '3899de89-8220-5835-9773-5c05b4f1e0ab', 'detail', '1. 자재비', 11, 'Summing Box', 'AD310(4P)', 'EA', 1, 150000, 150000, NULL, NULL, NULL, NULL, 150000, NULL, '8bfe8fdf-cc02-5de8-963d-01be33b89929'),
  ('2e79b6f6-7351-5e23-872c-03682317d98d', '3899de89-8220-5835-9773-5c05b4f1e0ab', 'detail', '1. 자재비', 12, '외부표시기', '8915C', 'EA', 1, 550000, 550000, NULL, NULL, NULL, NULL, 550000, NULL, 'f05b7110-cd3a-5789-b022-7585b0a77395'),
  ('30a0419a-e3e4-521f-9a11-4693eefb88ca', '3899de89-8220-5835-9773-5c05b4f1e0ab', 'detail', '1. 자재비', 13, 'MAN HOLE-STS304', 'Φ500', 'SET', 1, 1400000, 1400000, NULL, NULL, NULL, NULL, 1400000, NULL, '7c3febf2-a99b-596f-99ad-b25c325bd3c4'),
  ('bd3ac2ac-edb5-51f9-9fbb-35642604a37a', '3899de89-8220-5835-9773-5c05b4f1e0ab', 'detail', '1. 자재비', 14, 'BREATH VALVE-STS304', '80A*10K', 'EA', 1, 1450000, 1450000, NULL, NULL, NULL, NULL, 1450000, NULL, 'b711c3ed-170f-5047-b94e-93e5de1ac85e'),
  ('20a92be5-cbf2-5664-b059-1af2c399dd01', '3899de89-8220-5835-9773-5c05b4f1e0ab', 'detail', '1. 자재비', 15, 'INSULATIN ANGLE-SS400', 'L-50*50*t6', '본', 10, 135000, 1350000, NULL, NULL, NULL, NULL, 1350000, NULL, '76d41498-0003-53d4-892b-3478cfeb19ff'),
  ('06d266a7-37e6-5102-b790-0ee94a62e50b', '3899de89-8220-5835-9773-5c05b4f1e0ab', 'detail', '1. 자재비', 16, 'HAND RAIL-SGP', '32A', '본', 2, 30000, 60000, NULL, NULL, NULL, NULL, 60000, NULL, 'f9f23610-a7e9-5dd5-8fc3-8f8435cafa0f'),
  ('a743b2b7-3856-51c4-ad8e-960e58333945', '3899de89-8220-5835-9773-5c05b4f1e0ab', 'detail', '1. 자재비', 17, 'HAND RAIL-SGP', '25A', '본', 5, 25000, 125000, NULL, NULL, NULL, NULL, 125000, NULL, 'b462cd9f-1b13-5ea6-bc46-b007e7c5bd9e'),
  ('ef016520-d498-5fec-bf05-584227d4a7dd', '3899de89-8220-5835-9773-5c05b4f1e0ab', 'detail', '1. 자재비', 18, 'LADDER-SS400', 'FB-50*t9', '본', 3, 30000, 90000, NULL, NULL, NULL, NULL, 90000, NULL, '5a054df6-b10c-5c7b-bcbb-b457cb0bae7b'),
  ('084dc017-c0cf-5be0-8100-95137ee07e4f', '3899de89-8220-5835-9773-5c05b4f1e0ab', 'detail', '1. 자재비', 19, 'LADDER-SS400', 'FB-50*t6', '본', 3, 20000, 60000, NULL, NULL, NULL, NULL, 60000, NULL, '87d7dbef-c494-5a4b-b2d1-b33e902343a3'),
  ('85932b3d-c77a-5e2e-85a5-c5387e6fb146', '3899de89-8220-5835-9773-5c05b4f1e0ab', 'detail', '1. 자재비', 20, 'LADDER-SS400', 'FB-38*t6', '본', 5, 15000, 75000, NULL, NULL, NULL, NULL, 75000, NULL, 'a2f5648b-5957-53ea-82ed-0b1bae9029ca'),
  ('a773d0b0-a65e-519a-ae5a-5cb71b0c2176', '3899de89-8220-5835-9773-5c05b4f1e0ab', 'detail', '1. 자재비', 21, 'ROUND BAR-SS400', 'Φ19', '본', 1.5, 28000, 42000, NULL, NULL, NULL, NULL, 42000, NULL, 'e985c961-2b1b-50ff-90de-8f84162bd6c2'),
  ('44884f14-ac2c-5fdd-8748-d7a11cddc7ce', '3899de89-8220-5835-9773-5c05b4f1e0ab', 'detail', '1. 자재비', 22, 'INTERNAL LADDER-STS304', 'Φ18', '본', 3, 83000, 249000, NULL, NULL, NULL, NULL, 249000, NULL, '9c96602d-8a9a-5e58-b467-d44fc67793b6'),
  ('7c8aab7d-74fb-5659-8f35-7b90db698d8c', '3899de89-8220-5835-9773-5c05b4f1e0ab', 'detail', '1. 자재비', 23, 'LEVEL GAUGE-STS304', 'FLOT TYPE', 'SET', 1, 700000, 700000, NULL, NULL, NULL, NULL, 700000, NULL, '3ba67b6d-c486-563e-81dd-b973681d57b2'),
  ('8a0e2ae9-98df-5fdf-af47-11d8a02eff9c', '3899de89-8220-5835-9773-5c05b4f1e0ab', 'detail', '1. 자재비', 24, 'LIFT LUG-STS304', 't20', 'EA', 4, 50000, 200000, NULL, NULL, NULL, NULL, 200000, NULL, 'ad256376-96ad-56a7-ae13-0c6386956d46'),
  ('559499b4-b34f-527a-bb49-9a847ef46690', '3899de89-8220-5835-9773-5c05b4f1e0ab', 'detail', '1. 자재비', 25, 'NOZZLE-STS304', '50A,80A', 'LOT', 1, 500000, 500000, NULL, NULL, NULL, NULL, 500000, NULL, '474bde15-b137-5c83-8f83-0a3d6ce2c902'),
  ('2eb739e9-ac9f-5d5c-8b1c-eefa9b32cad5', '3899de89-8220-5835-9773-5c05b4f1e0ab', 'detail', '1. 자재비', 26, '기타잡자재비', '자재비의', '%', 2, 29237400, 584748, NULL, NULL, NULL, NULL, 584748, NULL, NULL),
  ('1b537fb9-f989-5e13-a824-c0ac1ac26f5e', '3899de89-8220-5835-9773-5c05b4f1e0ab', 'detail', '2. 제작비', 27, '가공비', NULL, 'LOT', 1, 2500000, 2500000, NULL, NULL, NULL, NULL, 2500000, NULL, 'd360ebbe-3d2f-53f7-af28-89d308e51f42'),
  ('ccefa8b0-ec59-56af-bdab-261abd4bf24b', '3899de89-8220-5835-9773-5c05b4f1e0ab', 'detail', '2. 제작비', 28, '제작비', NULL, 'LOT', 1, 15000000, 15000000, NULL, NULL, NULL, NULL, 15000000, NULL, '5c1fe31b-a75a-5fb8-9d5e-b45d7f17c6c9'),
  ('f4f23715-21a7-5854-ae21-c8a18955f929', '3899de89-8220-5835-9773-5c05b4f1e0ab', 'detail', '2. 제작비', 29, 'PAINTING비', NULL, 'LOT', 1, 1700000, 1700000, NULL, NULL, NULL, NULL, 1700000, NULL, 'b8fa34df-932d-523e-9ff0-f4de0615344a'),
  ('331256cf-f82a-5136-8914-19c1f12fc3df', '3899de89-8220-5835-9773-5c05b4f1e0ab', 'detail', '2. 제작비', 30, '용접부 비파괴검사', 'COLOR CHECK', 'LOT', 1, NULL, NULL, NULL, NULL, 2500000, 2500000, 2500000, NULL, '1e6930d2-978c-5f8b-9b08-be7199d6d361'),
  ('de5fea52-9d66-5a12-86fe-4ed284196a2d', '3899de89-8220-5835-9773-5c05b4f1e0ab', 'detail', '2. 제작비', 31, '산세척비', NULL, 'LOT', 1, NULL, NULL, NULL, NULL, 15000000, 15000000, 15000000, NULL, 'dba5ce8e-6588-58ba-beac-f6b398df821e'),
  ('f504a5fb-1219-5d44-8a47-80f0d8e65b23', '3899de89-8220-5835-9773-5c05b4f1e0ab', 'detail', '2. 제작비', 32, '충수검사', 'FULL WATER', 'LOT', 1, NULL, NULL, NULL, NULL, 1700000, 1700000, 1700000, NULL, 'f2267886-4521-5b8b-a06c-81a903a271a0'),
  ('da2cd494-e69e-51a7-9f2e-3d55f97a3b99', '3899de89-8220-5835-9773-5c05b4f1e0ab', 'detail', '3. 배관공사', 33, 'PIPE-STS304', '50A*S10', '본', 2, 150000, 300000, NULL, NULL, NULL, NULL, 300000, NULL, '85bc2d3c-2842-5c2b-aa9c-1f02a9c22ef7'),
  ('72136aab-d941-548e-a123-2c9504b02316', '3899de89-8220-5835-9773-5c05b4f1e0ab', 'detail', '3. 배관공사', 34, 'BALL VALVE-STS304', '50A*10K', 'EA', 4, 300000, 1200000, NULL, NULL, NULL, NULL, 1200000, NULL, 'b691a2d2-ecab-5ca0-905f-140c19b9896d'),
  ('146d0ebc-1fc1-51c2-b35f-18f590ee0829', '3899de89-8220-5835-9773-5c05b4f1e0ab', 'detail', '3. 배관공사', 35, '용접TEE-STS304', '50A*S10', 'EA', 1, 16000, 16000, NULL, NULL, NULL, NULL, 16000, NULL, 'd64da003-1ef6-5862-8bff-ca5a8536913b'),
  ('5e16107b-e788-5d54-b777-3f95107dd868', '3899de89-8220-5835-9773-5c05b4f1e0ab', 'detail', '3. 배관공사', 36, '용접ELBOW-STS304', '50A*S10', 'EA', 10, 15000, 150000, NULL, NULL, NULL, NULL, 150000, NULL, '8ee01715-0f0e-5e4f-9ea4-c215f76d5f75'),
  ('71d73a92-ad84-5c98-b7f6-da46697d0a38', '3899de89-8220-5835-9773-5c05b4f1e0ab', 'detail', '3. 배관공사', 37, 'FLANGE-STS304', '50A*10K', 'EA', 13, 24000, 312000, NULL, NULL, NULL, NULL, 312000, NULL, '8c36dd10-ba63-504e-885b-43206f4cb643'),
  ('b870f106-10da-54bd-bd47-7bfeec09e4cd', '3899de89-8220-5835-9773-5c05b4f1e0ab', 'detail', '3. 배관공사', 38, 'GASKET-EPDM', '50A', 'EA', 12, 2000, 24000, NULL, NULL, NULL, NULL, 24000, NULL, '0f91cf59-a3e9-5c65-bf62-80fb2a427d71'),
  ('adfe7ffd-d273-5eb8-a19e-0afdc2a4be69', '3899de89-8220-5835-9773-5c05b4f1e0ab', 'detail', '3. 배관공사', 39, 'FLEXIBLE-STS304', '50A*L300', 'EA', 2, 90000, 180000, NULL, NULL, NULL, NULL, 180000, NULL, '76339847-574f-5389-aa89-270b274c7956'),
  ('f40f67c6-2473-52ae-bc10-1db6d2bf2df9', '3899de89-8220-5835-9773-5c05b4f1e0ab', 'detail', '3. 배관공사', 40, 'HEX.B/N-STS304', 'M16', 'LOT', 1, 80000, 80000, NULL, NULL, NULL, NULL, 80000, NULL, '975a1fae-feb4-5884-aa38-1d7cda1edbd5'),
  ('a606b1b3-4f6f-5f14-9f81-ce13e6db3319', '3899de89-8220-5835-9773-5c05b4f1e0ab', 'detail', '3. 배관공사', 41, 'Q-COUPLING-STS304', '2"', 'SET', 2, 80000, 160000, NULL, NULL, NULL, NULL, 160000, NULL, '58cbd74c-94f3-5117-9e8f-eb666de1688c'),
  ('e63fd453-9ff2-5e01-90db-1d8a4e3e1ecd', '3899de89-8220-5835-9773-5c05b4f1e0ab', 'detail', '3. 배관공사', 42, '현장배관공사비', NULL, 'M', 12, 494, 5928, 24724, 296688, NULL, NULL, 302616, '제1호표', NULL),
  ('68aae2df-a1d4-5c82-9ffd-6edf45bbb6c3', '3899de89-8220-5835-9773-5c05b4f1e0ab', 'detail', '4.HEATING CABLE설치공사', 43, 'HEATING CABLE', '30W', 'M', 400, 7000, 2800000, NULL, NULL, NULL, NULL, 2800000, NULL, 'f591d9c4-a139-5663-99b4-3196c4423bae'),
  ('afa0959d-8346-52a4-977f-19638cf04c02', '3899de89-8220-5835-9773-5c05b4f1e0ab', 'detail', '4.HEATING CABLE설치공사', 44, 'CONTROL PANNEL(온도CONTROLLER)', NULL, 'SET', 1, 3000000, 3000000, NULL, NULL, NULL, NULL, 3000000, NULL, '7bc5d051-1dd7-5026-90e5-46bcdfc6d4ab'),
  ('c7678350-4475-5e20-9b78-9fcefc2a1df6', '3899de89-8220-5835-9773-5c05b4f1e0ab', 'detail', '4.HEATING CABLE설치공사', 45, '현장설치비', NULL, 'M', 400, NULL, NULL, 5140, 2056000, NULL, NULL, 2056000, '제2호표', NULL),
  ('392dfcfe-c914-5ebd-846c-dc5e913abb47', '3899de89-8220-5835-9773-5c05b4f1e0ab', 'detail', '4.HEATING CABLE설치공사', 46, 'GLASS WOOL', 't50', 'LOT', 1, 800000, 800000, NULL, NULL, NULL, NULL, 800000, NULL, 'f0e32574-fd1c-5c2f-8af2-5883e837a382'),
  ('d14a086d-76eb-5e21-aecf-2d5bacd5019d', '3899de89-8220-5835-9773-5c05b4f1e0ab', 'detail', '4.HEATING CABLE설치공사', 47, 'COLOR SHEET', NULL, 'LOT', 1, 1200000, 1200000, NULL, NULL, NULL, NULL, 1200000, NULL, '9c476dd1-a08f-57f0-9a58-766986965cf2'),
  ('18bb7208-12b5-5847-9279-390fdb12a5d9', '3899de89-8220-5835-9773-5c05b4f1e0ab', 'detail', '4.HEATING CABLE설치공사', 48, '보온 인건비', '보온공', '인', 10, NULL, NULL, 217012, 2170120, NULL, NULL, 2170120, NULL, NULL),
  ('6d6765e5-24e0-58da-b5fc-74561999e9d8', '3899de89-8220-5835-9773-5c05b4f1e0ab', 'detail', '4.HEATING CABLE설치공사', 49, '배관보온공사비', '자재+인건비', 'LOT', 1, 3000000, 3000000, NULL, NULL, NULL, NULL, 3000000, NULL, 'ba25e190-77d6-570d-826f-0d40de6f71cb'),
  ('158a60cf-0a32-55ed-99f1-cb5cd2df6407', '3899de89-8220-5835-9773-5c05b4f1e0ab', 'detail', '4.HEATING CABLE설치공사', 50, '비계설치및철거', '비계공', '인', 6, NULL, NULL, 281939, 1691634, NULL, NULL, 1691634, NULL, NULL),
  ('3a031f96-dc82-5de9-8b3d-62dd815380ca', '3899de89-8220-5835-9773-5c05b4f1e0ab', 'detail', '6. 현장설치및 기존철거', 51, '기존TANK 철거', NULL, '대', 1, NULL, NULL, 3053237, 3053237, 0, NULL, 3053237, NULL, NULL),
  ('b2a54af6-4dcb-56ee-a2ef-cd8732dec84d', '3899de89-8220-5835-9773-5c05b4f1e0ab', 'detail', '6. 현장설치및 기존철거', 52, '신규제작TANK 설치', NULL, '대', 1, NULL, NULL, 1526617, 1526617, 0, NULL, 1526617, NULL, NULL),
  ('12596df0-2e61-5d2f-9144-cba44b6d41b3', '3899de89-8220-5835-9773-5c05b4f1e0ab', 'detail', '6. 현장설치및 기존철거', 53, '운반비', NULL, 'LOT', 1, NULL, NULL, NULL, NULL, 1200000, 1200000, 1200000, NULL, '5c1f20db-f6fc-5988-a393-19f6d11e9c5d'),
  ('f6a9240c-45e7-5cb6-805b-39366da9b611', '3899de89-8220-5835-9773-5c05b4f1e0ab', 'detail', '6. 현장설치및 기존철거', 54, '장비사용료', NULL, 'LOT', 1, NULL, NULL, NULL, NULL, 3000000, 3000000, 3000000, NULL, '3ac16ef9-ddde-5f9c-a6d1-9405ca7171b6'),
  ('4d458010-1443-5bb1-8556-d87fa199e832', '3899de89-8220-5835-9773-5c05b4f1e0ab', 'detail', '5. 안전장치', 55, '추락방지장치', '가바나식', '식', 1, 2300000, 2300000, NULL, NULL, NULL, NULL, 2300000, NULL, NULL),
  ('6520e0fb-9515-55e1-b80e-bb6cb13d1bf8', '3899de89-8220-5835-9773-5c05b4f1e0ab', 'detail', '5. 안전장치', 56, '안전블록', NULL, '식', 1, 700000, 700000, NULL, NULL, NULL, NULL, 700000, NULL, NULL);

insert into rate_rule_set (id, rule_set_code, rule_set_name, basis_date, source_name) values
  ('64e8d5ce-a0a1-505b-b2de-a4572186b06a', 'SAMPLE_VER1_RATES', 'sample_ver1 적용 요율 묶음', DATE '2026-06-01', '원가계산서 시트 J열(비율)');

insert into rate_rule (id, rule_set_id, cost_component_code, base_amount_type, rate_percent, rounding_rule) values
  ('763129d3-7403-5cc4-893a-9645235558e7', '64e8d5ce-a0a1-505b-b2de-a4572186b06a', 'E11', 'E10', 0.14, 'trunc_0'),
  ('042acb98-d7b0-5bf4-a62a-b4fa4123d1c5', '64e8d5ce-a0a1-505b-b2de-a4572186b06a', 'E14', 'E12', 0.0356, 'trunc_0'),
  ('9dfbbd02-09b5-5b27-9ae2-988c3b496dfd', '64e8d5ce-a0a1-505b-b2de-a4572186b06a', 'E15', 'E12', 0.0101, 'trunc_0'),
  ('cdae64eb-9622-53e0-a4e2-85e66add9fe5', '64e8d5ce-a0a1-505b-b2de-a4572186b06a', 'E16', 'E10', 0.03595, 'trunc_0'),
  ('c2ff40cf-8c1f-553a-8a6e-349ccd9c21cf', '64e8d5ce-a0a1-505b-b2de-a4572186b06a', 'E17', 'E10', 0.0475, 'trunc_0'),
  ('15460138-f9e3-5375-b53d-3f4fe20c4885', '64e8d5ce-a0a1-505b-b2de-a4572186b06a', 'E18', 'E16', 0.1314, 'trunc_0'),
  ('d7c20e09-93da-54e2-8f34-789eeee762de', '64e8d5ce-a0a1-505b-b2de-a4572186b06a', 'E19', 'E12', 5.9999999999999995e-05, 'trunc_0'),
  ('db6cc966-e993-50a6-b71b-1a0b444a53ad', '64e8d5ce-a0a1-505b-b2de-a4572186b06a', 'E20', 'E12', 0.0009, 'trunc_0'),
  ('01555c9c-c18f-5de0-8de6-0b4481462c0c', '64e8d5ce-a0a1-505b-b2de-a4572186b06a', 'E21', 'E10', 0.023, 'trunc_0'),
  ('66024dbf-9f49-522d-8235-8ede9cd53725', '64e8d5ce-a0a1-505b-b2de-a4572186b06a', 'E22', 'E9+E10', 0.0311, 'trunc_0'),
  ('89be1174-445c-59ba-8240-705e803a3d23', '64e8d5ce-a0a1-505b-b2de-a4572186b06a', 'E23', 'E9+E12', 0.046, 'trunc_0'),
  ('5554b2eb-0edd-5894-bb86-cdd547afcfd1', '64e8d5ce-a0a1-505b-b2de-a4572186b06a', 'E32', 'E9+E12+E30', 0.08, 'trunc_0'),
  ('e8f06bc3-3cff-59a9-93e6-f571ef4d93ab', '64e8d5ce-a0a1-505b-b2de-a4572186b06a', 'E33', 'E12+E30+E32', 0.15, 'trunc_0'),
  ('d98358e2-6207-5adc-9c27-58d76cf4613a', '64e8d5ce-a0a1-505b-b2de-a4572186b06a', 'E35', 'E34', 0.1, 'trunc_0');

insert into indirect_cost_charge (id, revision_id, rate_rule_id, component_code, base_amount, rate_percent, calculated_amount, source_sheet_name, source_cell_address) values
  ('efd79258-15f6-5e1e-8f88-bee9ce0907a3', '3899de89-8220-5835-9773-5c05b4f1e0ab', '763129d3-7403-5cc4-893a-9645235558e7', 'E11', 11826704, 0.14, 1655738, '원가계산서', 'E11'),
  ('96e6a33c-0b54-5562-970c-f9b808c0bcdc', '3899de89-8220-5835-9773-5c05b4f1e0ab', '042acb98-d7b0-5bf4-a62a-b4fa4123d1c5', 'E14', 13482442, 0.0356, 479974, '원가계산서', 'E14'),
  ('948d91aa-4bfc-534d-a9f3-f3e787ddad4e', '3899de89-8220-5835-9773-5c05b4f1e0ab', '9dfbbd02-09b5-5b27-9ae2-988c3b496dfd', 'E15', 13482442, 0.0101, 136172, '원가계산서', 'E15'),
  ('063ba89e-72a2-5c19-8048-56e161d2c64e', '3899de89-8220-5835-9773-5c05b4f1e0ab', 'cdae64eb-9622-53e0-a4e2-85e66add9fe5', 'E16', 11826704, 0.03595, 425170, '원가계산서', 'E16'),
  ('fc685c39-e9c9-5ca5-9363-905e64ef1a1e', '3899de89-8220-5835-9773-5c05b4f1e0ab', 'c2ff40cf-8c1f-553a-8a6e-349ccd9c21cf', 'E17', 11826704, 0.0475, 561768, '원가계산서', 'E17'),
  ('5c63a42a-e5ec-51fc-baa9-c4a31094ef2d', '3899de89-8220-5835-9773-5c05b4f1e0ab', '15460138-f9e3-5375-b53d-3f4fe20c4885', 'E18', 425170, 0.1314, 55867, '원가계산서', 'E18'),
  ('7401348c-2a65-5bfe-ae8b-64acbb88d72c', '3899de89-8220-5835-9773-5c05b4f1e0ab', 'd7c20e09-93da-54e2-8f34-789eeee762de', 'E19', 13482442, 5.9999999999999995e-05, 808, '원가계산서', 'E19'),
  ('785d0504-2b5d-5132-82fd-2a28fc41ad50', '3899de89-8220-5835-9773-5c05b4f1e0ab', 'db6cc966-e993-50a6-b71b-1a0b444a53ad', 'E20', 13482442, 0.0009, 12134, '원가계산서', 'E20'),
  ('26e52d15-fad5-5728-9817-fe0bd93833cf', '3899de89-8220-5835-9773-5c05b4f1e0ab', '01555c9c-c18f-5de0-8de6-0b4481462c0c', 'E21', 11826704, 0.023, 272014, '원가계산서', 'E21'),
  ('7e32afb0-d0f1-5729-91e9-1963cc1ae58e', '3899de89-8220-5835-9773-5c05b4f1e0ab', '66024dbf-9f49-522d-8235-8ede9cd53725', 'E22', 74076780, 0.0311, 2303787, '원가계산서', 'E22'),
  ('b2f1f9f8-cbc7-5e38-a073-bf09cabfff31', '3899de89-8220-5835-9773-5c05b4f1e0ab', '89be1174-445c-59ba-8240-705e803a3d23', 'E23', 75732518, 0.046, 3483695, '원가계산서', 'E23'),
  ('b258db07-405d-56ba-94a1-27e1dd3a96a2', '3899de89-8220-5835-9773-5c05b4f1e0ab', '5554b2eb-0edd-5894-bb86-cdd547afcfd1', 'E32', 106863907, 0.08, 8549112, '원가계산서', 'E32'),
  ('a578ef8f-33e1-535a-b4ba-1812dae309c0', '3899de89-8220-5835-9773-5c05b4f1e0ab', 'e8f06bc3-3cff-59a9-93e6-f571ef4d93ab', 'E33', 53162943, 0.15, 7974441, '원가계산서', 'E33'),
  ('d08c996f-6f4d-59fa-9e4a-ba3356b7343f', '3899de89-8220-5835-9773-5c05b4f1e0ab', 'd98358e2-6207-5adc-9c27-58d76cf4613a', 'E35', 123387460, 0.1, 12338746, '원가계산서', 'E35');

commit;
