-- seed_sample_ver2.sql  (generate_seed_sql.py 자동 생성)
-- 적용: schema.sql + migrations/001 로 만든 빈 DB 에 실행
begin;

insert into cost_estimate (id, estimate_code, title, source_workbook_path, status) values
  ('e61e0505-25c4-5f6d-a724-aacc241034ff', 'SAMPLE_VER2', '공사원가계산서 (sample_ver2)', 'D:/vibe_2706/kiba_2026/docs/원가계산보고서샘플/(E)sample_원가계산보고서ver2.xlsx.xlsx', 'imported');

insert into cost_estimate_revision (id, estimate_id, revision_no, source_checksum, calculation_status, total_cost, vat_excluded) values
  ('dc2497d9-cc39-5763-9102-69e68375ad12', 'e61e0505-25c4-5f6d-a724-aacc241034ff', 1, '2b0f4bbe9275efe63daecb66791839220bc30f0bee65ec20078858d80b2868d8', 'verified', 109104460, true);

insert into reference_price_item (id, item_name, specification, unit, normalized_key) values
  ('a2ce9b08-78cb-5db9-a127-9d184744706c', 'SHELL PLATE-STS304', 't6*5''*9200', 'SH', 'SHELLPLATE-STS304|T6*5''*9200|SH'),
  ('690dcf8e-04af-5736-ab54-551dabda201b', 'SHELL PLATE-STS304', 't5*5''*9200', 'SH', 'SHELLPLATE-STS304|T5*5''*9200|SH'),
  ('da784c00-bb4a-5c49-a4d2-771b9bb8f378', 'BOTTOM CONE PLATE-STS304', 't8*5''*10''', 'SH', 'BOTTOMCONEPLATE-STS304|T8*5''*10''|SH'),
  ('2025ae9b-8772-5be1-b76a-932672412de4', 'ROOF PLATE-STS304', 't4*5''*10''', 'SH', 'ROOFPLATE-STS304|T4*5''*10''|SH'),
  ('c4ef5ea4-82f9-5d8a-a270-dc353dc3d2ac', 'TOP ANGLE-STS304', 'L-65*65*t6', 'M', 'TOPANGLE-STS304|L-65*65*T6|M'),
  ('d5450848-957d-5985-96b8-fc960293b679', 'LEG-SS400', 'H-150*150', 'M', 'LEG-SS400|H-150*150|M'),
  ('c61e40e3-72b3-57f1-9fed-3b939cc0ed19', 'LOADCELL FRAME-SS400', 'H-150*150', 'M', 'LOADCELLFRAME-SS400|H-150*150|M'),
  ('e7a6c31d-bb44-5c08-a57d-5401495a4027', 'LOAD CELL', 'ULKS (ALL SUS)', 'EA', 'LOADCELL|ULKS(ALLSUS)|EA'),
  ('ab571ed0-28ff-5314-be5a-873927627596', '인디케이터', 'AD510A', 'EA', '인디케이터|AD510A|EA'),
  ('6c370dcd-0ab4-5b17-b891-472f634408a9', '전기판넬', 'ADIP-SUS 외함', 'EA', '전기판넬|ADIP-SUS외함|EA'),
  ('8bfe8fdf-cc02-5de8-963d-01be33b89929', 'Summing Box', 'AD310(4P)', 'EA', 'SUMMINGBOX|AD310(4P)|EA'),
  ('f05b7110-cd3a-5789-b022-7585b0a77395', '외부표시기', '8915C', 'EA', '외부표시기|8915C|EA'),
  ('7c3febf2-a99b-596f-99ad-b25c325bd3c4', 'MAN HOLE-STS304', 'Φ500', 'SET', 'MANHOLE-STS304|Φ500|SET'),
  ('b711c3ed-170f-5047-b94e-93e5de1ac85e', 'BREATH VALVE-STS304', '80A*10K', 'EA', 'BREATHVALVE-STS304|80A*10K|EA'),
  ('76d41498-0003-53d4-892b-3478cfeb19ff', 'INSULATIN ANGLE-SS400', 'L-50*50*t6', '본', 'INSULATINANGLE-SS400|L-50*50*T6|본'),
  ('f9f23610-a7e9-5dd5-8fc3-8f8435cafa0f', 'HAND RAIL-SGP', '32A', '본', 'HANDRAIL-SGP|32A|본'),
  ('b462cd9f-1b13-5ea6-bc46-b007e7c5bd9e', 'HAND RAIL-SGP', '25A', '본', 'HANDRAIL-SGP|25A|본'),
  ('5a054df6-b10c-5c7b-bcbb-b457cb0bae7b', 'LADDER-SS400', 'FB-50*t9', '본', 'LADDER-SS400|FB-50*T9|본'),
  ('87d7dbef-c494-5a4b-b2d1-b33e902343a3', 'LADDER-SS400', 'FB-50*t6', '본', 'LADDER-SS400|FB-50*T6|본'),
  ('a2f5648b-5957-53ea-82ed-0b1bae9029ca', 'LADDER-SS400', 'FB-38*t6', '본', 'LADDER-SS400|FB-38*T6|본'),
  ('e985c961-2b1b-50ff-90de-8f84162bd6c2', 'ROUND BAR-SS400', 'Φ19', '본', 'ROUNDBAR-SS400|Φ19|본'),
  ('9c96602d-8a9a-5e58-b467-d44fc67793b6', 'INTERNAL LADDER-STS304', 'Φ18', '본', 'INTERNALLADDER-STS304|Φ18|본'),
  ('3ba67b6d-c486-563e-81dd-b973681d57b2', 'LEVEL GAUGE-STS304', 'FLOT TYPE', 'SET', 'LEVELGAUGE-STS304|FLOTTYPE|SET'),
  ('ad256376-96ad-56a7-ae13-0c6386956d46', 'LIFT LUG-STS304', 't20', 'EA', 'LIFTLUG-STS304|T20|EA'),
  ('474bde15-b137-5c83-8f83-0a3d6ce2c902', 'NOZZLE-STS304', '50A,80A', 'LOT', 'NOZZLE-STS304|50A,80A|LOT'),
  ('d360ebbe-3d2f-53f7-af28-89d308e51f42', '가공비', NULL, 'LOT', '가공비||LOT'),
  ('5c1fe31b-a75a-5fb8-9d5e-b45d7f17c6c9', '제작비', NULL, 'LOT', '제작비||LOT'),
  ('b8fa34df-932d-523e-9ff0-f4de0615344a', 'PAINTING비', NULL, 'LOT', 'PAINTING비||LOT'),
  ('1e6930d2-978c-5f8b-9b08-be7199d6d361', '용접부 비파괴검사', 'COLOR CHECK', 'LOT', '용접부비파괴검사|COLORCHECK|LOT'),
  ('dba5ce8e-6588-58ba-beac-f6b398df821e', '산세척비', NULL, 'LOT', '산세척비||LOT'),
  ('f2267886-4521-5b8b-a06c-81a903a271a0', '충수검사', 'FULL WATER', 'LOT', '충수검사|FULLWATER|LOT'),
  ('85bc2d3c-2842-5c2b-aa9c-1f02a9c22ef7', 'PIPE-STS304', '50A*S10', '본', 'PIPE-STS304|50A*S10|본'),
  ('b691a2d2-ecab-5ca0-905f-140c19b9896d', 'BALL VALVE-STS304', '50A*10K', 'EA', 'BALLVALVE-STS304|50A*10K|EA'),
  ('d64da003-1ef6-5862-8bff-ca5a8536913b', '용접TEE-STS304', '50A*S10', 'EA', '용접TEE-STS304|50A*S10|EA'),
  ('8ee01715-0f0e-5e4f-9ea4-c215f76d5f75', '용접ELBOW-STS304', '50A*S10', 'EA', '용접ELBOW-STS304|50A*S10|EA'),
  ('8c36dd10-ba63-504e-885b-43206f4cb643', 'FLANGE-STS304', '50A*10K', 'EA', 'FLANGE-STS304|50A*10K|EA'),
  ('0f91cf59-a3e9-5c65-bf62-80fb2a427d71', 'GASKET-EPDM', '50A', 'EA', 'GASKET-EPDM|50A|EA'),
  ('76339847-574f-5389-aa89-270b274c7956', 'FLEXIBLE-STS304', '50A*L300', 'EA', 'FLEXIBLE-STS304|50A*L300|EA'),
  ('975a1fae-feb4-5884-aa38-1d7cda1edbd5', 'HEX.B/N-STS304', 'M16', 'LOT', 'HEX.B/N-STS304|M16|LOT'),
  ('58cbd74c-94f3-5117-9e8f-eb666de1688c', 'Q-COUPLING-STS304', '2"', 'SET', 'Q-COUPLING-STS304|2"|SET'),
  ('f591d9c4-a139-5663-99b4-3196c4423bae', 'HEATING CABLE', '30W', 'M', 'HEATINGCABLE|30W|M'),
  ('7bc5d051-1dd7-5026-90e5-46bcdfc6d4ab', 'CONTROL PANNEL(온도CONTROLLER)', NULL, 'SET', 'CONTROLPANNEL(온도CONTROLLER)||SET'),
  ('3754954a-0a9f-558b-a142-da8034f0dcc5', '현장설치비', NULL, 'LOT', '현장설치비||LOT'),
  ('f0e32574-fd1c-5c2f-8af2-5883e837a382', 'GLASS WOOL', 't50', 'LOT', 'GLASSWOOL|T50|LOT'),
  ('9c476dd1-a08f-57f0-9a58-766986965cf2', 'COLOR SHEET', NULL, 'LOT', 'COLORSHEET||LOT'),
  ('ba25e190-77d6-570d-826f-0d40de6f71cb', '배관보온공사비', '자재+인건비', 'LOT', '배관보온공사비|자재+인건비|LOT'),
  ('5c1f20db-f6fc-5988-a393-19f6d11e9c5d', '운반비', NULL, 'LOT', '운반비||LOT'),
  ('3ac16ef9-ddde-5f9c-a6d1-9405ca7171b6', '장비사용료', NULL, 'LOT', '장비사용료||LOT'),
  ('bc38af6e-0a55-5a4a-90cc-b179b53514a4', '배관공', NULL, '인', '배관공||인'),
  ('9c1cd798-5871-5459-9664-8ce6fccafd65', '보통인부', NULL, '인', '보통인부||인'),
  ('d1be6100-cb51-50d7-98e2-9c1eae0de948', '기계설비공', NULL, '인', '기계설비공||인'),
  ('6b727e38-b794-52cc-acaa-94930cd20c40', '형틀목공', NULL, '인', '형틀목공||인'),
  ('dda95de5-dd51-5bbb-b2dc-ceff8d6a8433', '플랜트기계설치공', NULL, '인', '플랜트기계설치공||인'),
  ('53ef657b-1be8-571d-8bea-31079719d226', '비계공', NULL, '인', '비계공||인'),
  ('533d9825-ad79-5600-ab4e-7f83acd1883c', '건설기계운전사', NULL, '인', '건설기계운전사||인'),
  ('eef59469-85bb-5287-947e-29f0821229aa', '특별인부', NULL, '인', '특별인부||인'),
  ('b4384e28-8452-5a7e-aec8-2f4108a60f68', '보온공', NULL, '인', '보온공||인');

insert into reference_price_quote (id, price_item_id, basis_month, source_type, quoted_unit_price) values
  ('4cf638cb-d993-5829-8b7c-98fa6749b17a', 'a2ce9b08-78cb-5db9-a127-9d184744706c', DATE '2026-06-01', '조사단가A업체', 3400000),
  ('f134c0c3-002d-5dc7-9005-b80aa53de768', 'a2ce9b08-78cb-5db9-a127-9d184744706c', DATE '2026-06-01', '조사단가B업체', 14700000),
  ('e9fa3b74-bbe8-58b1-81ce-d8426079a38e', 'a2ce9b08-78cb-5db9-a127-9d184744706c', DATE '2026-06-01', '조사단가C업체', 9660000),
  ('1b7eec87-b176-537e-9ffa-8de85f696205', '690dcf8e-04af-5736-ab54-551dabda201b', DATE '2026-06-01', '조사단가A업체', 2877200),
  ('5184b7fd-b5d1-5056-a7bb-63ba9cc90f17', 'da784c00-bb4a-5c49-a4d2-771b9bb8f378', DATE '2026-06-01', '조사단가A업체', 1898000),
  ('a0424654-c4af-52ae-b23b-76ceb7b99588', 'da784c00-bb4a-5c49-a4d2-771b9bb8f378', DATE '2026-06-01', '조사단가C업체', 2580000),
  ('754de33d-3fb7-5573-8f85-e3052c9779d2', '2025ae9b-8772-5be1-b76a-932672412de4', DATE '2026-06-01', '조사단가A업체', 621600),
  ('fbc8630d-3792-51a3-8adb-c498b71a1b0a', '2025ae9b-8772-5be1-b76a-932672412de4', DATE '2026-06-01', '조사단가C업체', 1260000),
  ('3f2025d0-9c72-514a-bca0-9b2f710c1d3c', 'c4ef5ea4-82f9-5d8a-a270-dc353dc3d2ac', DATE '2026-06-01', '조사단가A업체', 75000),
  ('863d3994-f89a-5687-805e-e1dd59136d95', 'd5450848-957d-5985-96b8-fc960293b679', DATE '2026-06-01', '조사단가A업체', 65000),
  ('f21d5e4f-395e-5f88-87fa-23217fb7bb7a', 'c61e40e3-72b3-57f1-9fed-3b939cc0ed19', DATE '2026-06-01', '조사단가A업체', 65000),
  ('713d51cb-aa7e-5ac8-9642-b9396994f46a', 'e7a6c31d-bb44-5c08-a57d-5401495a4027', DATE '2026-06-01', '조사단가A업체', 1100000),
  ('39e8bb4b-e27e-527a-b42c-578333780b90', 'ab571ed0-28ff-5314-be5a-873927627596', DATE '2026-06-01', '조사단가A업체', 500000),
  ('703da6aa-1c40-580a-a004-aaa98a74a1a4', '6c370dcd-0ab4-5b17-b891-472f634408a9', DATE '2026-06-01', '조사단가A업체', 420000),
  ('0fbac42b-5fd2-5d3d-ba0c-4efff2817848', '8bfe8fdf-cc02-5de8-963d-01be33b89929', DATE '2026-06-01', '조사단가A업체', 150000),
  ('d8a1f74e-41ec-5151-a111-93b70c65b041', 'f05b7110-cd3a-5789-b022-7585b0a77395', DATE '2026-06-01', '조사단가A업체', 550000),
  ('6efad5e1-4932-5e31-b078-c11b6c473e9b', '7c3febf2-a99b-596f-99ad-b25c325bd3c4', DATE '2026-06-01', '조사단가A업체', 1400000),
  ('70d4d273-6f78-5f06-bb50-4849c9ca5b62', '7c3febf2-a99b-596f-99ad-b25c325bd3c4', DATE '2026-06-01', '조사단가B업체', 1000000),
  ('cd4c7fbe-704f-54dc-bf4f-b63aa9b003d2', 'b711c3ed-170f-5047-b94e-93e5de1ac85e', DATE '2026-06-01', '조사단가A업체', 1450000),
  ('ad01fd49-9fa1-54c2-b190-42e517f4182c', 'b711c3ed-170f-5047-b94e-93e5de1ac85e', DATE '2026-06-01', '조사단가B업체', 1500000),
  ('09abe9ff-10a3-52b9-9ac5-a1053a8d45a2', 'b711c3ed-170f-5047-b94e-93e5de1ac85e', DATE '2026-06-01', '조사단가C업체', 2500000),
  ('9fabfea6-2f67-5f8f-b623-0e877162302b', '76d41498-0003-53d4-892b-3478cfeb19ff', DATE '2026-06-01', '조사단가A업체', 135000),
  ('2db9a3de-fa80-5660-a2ac-8ff5be8b0c8b', 'f9f23610-a7e9-5dd5-8fc3-8f8435cafa0f', DATE '2026-06-01', '조사단가A업체', 30000),
  ('fbeac48e-57c3-5034-b634-8791c772f941', 'f9f23610-a7e9-5dd5-8fc3-8f8435cafa0f', DATE '2026-06-01', '조사단가B업체', 3000000),
  ('8729ae7f-a59a-5105-b0a3-a64862279776', 'b462cd9f-1b13-5ea6-bc46-b007e7c5bd9e', DATE '2026-06-01', '조사단가A업체', 25000),
  ('93469dcb-827f-5ef1-b4ba-2f523fc2e2fa', '5a054df6-b10c-5c7b-bcbb-b457cb0bae7b', DATE '2026-06-01', '조사단가A업체', 30000),
  ('0ca0a7b8-59e6-5fa3-b2d0-911709b6ab33', '5a054df6-b10c-5c7b-bcbb-b457cb0bae7b', DATE '2026-06-01', '조사단가B업체', 3000000),
  ('169c505b-cce2-5969-816a-8387144c3d6e', '87d7dbef-c494-5a4b-b2d1-b33e902343a3', DATE '2026-06-01', '조사단가A업체', 20000),
  ('e7ee9a06-8ac3-588e-9cd9-3489f73ab3e6', 'a2f5648b-5957-53ea-82ed-0b1bae9029ca', DATE '2026-06-01', '조사단가A업체', 15000),
  ('cf9d71ab-28f4-5589-92f9-47f07977102a', 'e985c961-2b1b-50ff-90de-8f84162bd6c2', DATE '2026-06-01', '조사단가A업체', 28000),
  ('036c3a8e-94f2-53cc-98be-a5fbc4575c4c', '9c96602d-8a9a-5e58-b467-d44fc67793b6', DATE '2026-06-01', '조사단가A업체', 83000),
  ('77cfec59-a09b-53d6-9139-be11d0127bc5', '3ba67b6d-c486-563e-81dd-b973681d57b2', DATE '2026-06-01', '조사단가A업체', 700000),
  ('d93f7ce4-7b11-58d8-84fe-8c5a7479ef41', '3ba67b6d-c486-563e-81dd-b973681d57b2', DATE '2026-06-01', '조사단가B업체', 3000000),
  ('ae68df3d-f03a-5385-b15e-61e25167a443', 'ad256376-96ad-56a7-ae13-0c6386956d46', DATE '2026-06-01', '조사단가A업체', 50000),
  ('4255c5be-9f7b-513f-963b-2c427ce9b8b4', 'ad256376-96ad-56a7-ae13-0c6386956d46', DATE '2026-06-01', '조사단가B업체', 1500000),
  ('3b365acf-11ec-5f1b-b914-a2474a5b5df5', 'ad256376-96ad-56a7-ae13-0c6386956d46', DATE '2026-06-01', '조사단가C업체', 200000),
  ('ec389b35-61ee-532e-946f-63828c08c248', '474bde15-b137-5c83-8f83-0a3d6ce2c902', DATE '2026-06-01', '조사단가A업체', 500000),
  ('2cc507cc-97b8-5e02-8f32-9a621f9c86d5', '474bde15-b137-5c83-8f83-0a3d6ce2c902', DATE '2026-06-01', '조사단가C업체', 1000000),
  ('e4c38d52-04cc-5c79-b602-fc06f3498e4d', 'd360ebbe-3d2f-53f7-af28-89d308e51f42', DATE '2026-06-01', '조사단가A업체', 2500000),
  ('88b2e2e3-853f-5b1d-ac1c-f82ab91290a2', 'd360ebbe-3d2f-53f7-af28-89d308e51f42', DATE '2026-06-01', '조사단가B업체', 2500000),
  ('b0e9d1e0-93a1-56ab-82ab-2bb81961e3b0', 'd360ebbe-3d2f-53f7-af28-89d308e51f42', DATE '2026-06-01', '조사단가C업체', 3500000),
  ('7bd457df-378f-5098-a277-b709c1fb5357', '5c1fe31b-a75a-5fb8-9d5e-b45d7f17c6c9', DATE '2026-06-01', '조사단가A업체', 15000000),
  ('c8066c44-e256-5a60-bc52-a89cc59d394b', '5c1fe31b-a75a-5fb8-9d5e-b45d7f17c6c9', DATE '2026-06-01', '조사단가B업체', 20000000),
  ('25e3fc7a-606e-57c0-a0e9-dbdbd3f179a5', '5c1fe31b-a75a-5fb8-9d5e-b45d7f17c6c9', DATE '2026-06-01', '조사단가C업체', 22000000),
  ('c082887a-d0bd-5b3e-8ee3-eed431847511', 'b8fa34df-932d-523e-9ff0-f4de0615344a', DATE '2026-06-01', '조사단가A업체', 1700000),
  ('cdd1528d-df1b-59d4-8f10-2f5dc459b6a0', '1e6930d2-978c-5f8b-9b08-be7199d6d361', DATE '2026-06-01', '조사단가A업체', 2700000),
  ('f5faa3cf-8e02-5083-988b-46dd88b059bb', '1e6930d2-978c-5f8b-9b08-be7199d6d361', DATE '2026-06-01', '조사단가C업체', 4000000),
  ('1bb76364-646b-5d52-b4fa-c08c4fe3804f', 'dba5ce8e-6588-58ba-beac-f6b398df821e', DATE '2026-06-01', '조사단가A업체', 3500000),
  ('8b710faf-1d50-53aa-ac11-0b332d688e84', 'dba5ce8e-6588-58ba-beac-f6b398df821e', DATE '2026-06-01', '조사단가C업체', 4000000),
  ('dee44621-c4bc-503b-87ce-6f2965bd1638', 'f2267886-4521-5b8b-a06c-81a903a271a0', DATE '2026-06-01', '조사단가A업체', 1500000),
  ('d71b4366-f8ea-53e5-9aac-c291b1344ef1', 'f2267886-4521-5b8b-a06c-81a903a271a0', DATE '2026-06-01', '조사단가C업체', 3000000),
  ('d23ffe8b-d8d5-5d15-aded-d11b452ad2bc', '85bc2d3c-2842-5c2b-aa9c-1f02a9c22ef7', DATE '2026-06-01', '조사단가A업체', 150000),
  ('886c5f1b-87b3-58bd-b6d5-e0e8f42aca8e', '85bc2d3c-2842-5c2b-aa9c-1f02a9c22ef7', DATE '2026-06-01', '조사단가B업체', 10100000),
  ('b72d196e-dfb7-5dbe-a578-7bb608468e32', 'b691a2d2-ecab-5ca0-905f-140c19b9896d', DATE '2026-06-01', '조사단가A업체', 300000),
  ('78225399-e29f-55c3-8146-c0ae9785b66c', 'd64da003-1ef6-5862-8bff-ca5a8536913b', DATE '2026-06-01', '조사단가A업체', 16000),
  ('b28cf9e4-e336-5cc8-bbfa-17a7a0f05fd8', '8ee01715-0f0e-5e4f-9ea4-c215f76d5f75', DATE '2026-06-01', '조사단가A업체', 15000),
  ('ed1a378d-2221-5105-89c3-1cb5ebce6dc4', '8c36dd10-ba63-504e-885b-43206f4cb643', DATE '2026-06-01', '조사단가A업체', 24000),
  ('0c2d7f35-19f5-52d3-a817-b7d25d8c27dd', '0f91cf59-a3e9-5c65-bf62-80fb2a427d71', DATE '2026-06-01', '조사단가A업체', 2000),
  ('13d0a5a9-3567-512b-b031-fc47b50697b3', '76339847-574f-5389-aa89-270b274c7956', DATE '2026-06-01', '조사단가A업체', 90000),
  ('06a840d6-ee35-5092-a610-ddff3f627fd9', '975a1fae-feb4-5884-aa38-1d7cda1edbd5', DATE '2026-06-01', '조사단가A업체', 80000),
  ('4305a473-38b5-5f6a-a6b4-01a2bd29d2ed', '58cbd74c-94f3-5117-9e8f-eb666de1688c', DATE '2026-06-01', '조사단가A업체', 80000),
  ('3ba242f1-5281-541c-8b91-764e3c843103', 'f591d9c4-a139-5663-99b4-3196c4423bae', DATE '2026-06-01', '거래가격', 14000),
  ('129c120d-d80c-553d-96db-c2955c104420', 'f591d9c4-a139-5663-99b4-3196c4423bae', DATE '2026-06-01', '조사단가A업체', 7000),
  ('9965bf18-1fd5-5877-8bca-4e13ccc109fe', 'f591d9c4-a139-5663-99b4-3196c4423bae', DATE '2026-06-01', '조사단가B업체', 9000000),
  ('ca5aee51-6b3a-5f1a-91d9-edcc118d1cbe', 'f591d9c4-a139-5663-99b4-3196c4423bae', DATE '2026-06-01', '조사단가C업체', 5000000),
  ('54859805-55c4-56e3-b16f-a8eaf9f352c0', '7bc5d051-1dd7-5026-90e5-46bcdfc6d4ab', DATE '2026-06-01', '조사단가A업체', 3000000),
  ('0879772a-7e90-52da-87ae-5ecb7f1ce7f1', '7bc5d051-1dd7-5026-90e5-46bcdfc6d4ab', DATE '2026-06-01', '조사단가B업체', 5000000),
  ('7ca0dfb1-429e-533c-9996-5a4a633e6401', '7bc5d051-1dd7-5026-90e5-46bcdfc6d4ab', DATE '2026-06-01', '조사단가C업체', 2500000),
  ('d2eb0acb-45cf-562b-a0da-4aada1a9a579', '3754954a-0a9f-558b-a142-da8034f0dcc5', DATE '2026-06-01', '조사단가A업체', 1200000),
  ('16eccdd5-8814-5240-9335-12a9b567e62f', 'f0e32574-fd1c-5c2f-8af2-5883e837a382', DATE '2026-06-01', '조사단가A업체', 800000),
  ('3d97ac92-06a0-50d7-ac14-b617bf5e6493', 'f0e32574-fd1c-5c2f-8af2-5883e837a382', DATE '2026-06-01', '조사단가C업체', 4000000),
  ('795d733c-fb31-5120-b77b-fa4b92bd3012', '9c476dd1-a08f-57f0-9a58-766986965cf2', DATE '2026-06-01', '조사단가A업체', 1200000),
  ('f0f34ae0-8a53-50ad-b705-fe3306176668', '9c476dd1-a08f-57f0-9a58-766986965cf2', DATE '2026-06-01', '조사단가C업체', 4500000),
  ('47a368f9-a099-5154-a5f5-56cc46d5e5bc', 'ba25e190-77d6-570d-826f-0d40de6f71cb', DATE '2026-06-01', '조사단가A업체', 3000000),
  ('ae7f0f8d-82b3-527e-8186-77559336e421', '5c1f20db-f6fc-5988-a393-19f6d11e9c5d', DATE '2026-06-01', '조사단가A업체', 1200000),
  ('3902f837-396a-5992-abbc-c67e4245cd5e', '5c1f20db-f6fc-5988-a393-19f6d11e9c5d', DATE '2026-06-01', '조사단가B업체', 4500000),
  ('30a27c63-7645-5f4b-a58a-a4056bcdb341', '5c1f20db-f6fc-5988-a393-19f6d11e9c5d', DATE '2026-06-01', '조사단가C업체', 2000000),
  ('8cf75c54-f0ad-5dfe-9fb6-d262bdb0bb6b', '3ac16ef9-ddde-5f9c-a6d1-9405ca7171b6', DATE '2026-06-01', '조사단가A업체', 3000000),
  ('bd9615c9-325b-5b8e-984a-586f031f7605', '3ac16ef9-ddde-5f9c-a6d1-9405ca7171b6', DATE '2026-06-01', '조사단가C업체', 2000000);

insert into applied_price (id, revision_id, price_item_id, selection_rule, applied_unit_price, cost_category_code) values
  ('0416a7ab-eb84-5f53-88d5-240b5bfd6e8b', 'dc2497d9-cc39-5763-9102-69e68375ad12', 'a2ce9b08-78cb-5db9-a127-9d184744706c', '수기선택(조사단가 기준)', 3400000, 'MAT'),
  ('84ac1610-1449-5788-bdb5-b383951fff89', 'dc2497d9-cc39-5763-9102-69e68375ad12', '690dcf8e-04af-5736-ab54-551dabda201b', '수기선택(조사단가 기준)', 2877200, 'MAT'),
  ('dd71618f-7a7d-5249-84de-c614be20358b', 'dc2497d9-cc39-5763-9102-69e68375ad12', 'da784c00-bb4a-5c49-a4d2-771b9bb8f378', '수기선택(조사단가 기준)', 1898000, 'MAT'),
  ('358762c3-6a3b-5b47-985f-312bf0681f91', 'dc2497d9-cc39-5763-9102-69e68375ad12', '2025ae9b-8772-5be1-b76a-932672412de4', '수기선택(조사단가 기준)', 621600, 'MAT'),
  ('beefcafe-0223-5a0d-ae80-d54c917b672b', 'dc2497d9-cc39-5763-9102-69e68375ad12', 'c4ef5ea4-82f9-5d8a-a270-dc353dc3d2ac', '수기선택(조사단가 기준)', 75000, 'MAT'),
  ('6c6ffc65-b82f-57f6-86f1-7e071b58e1a3', 'dc2497d9-cc39-5763-9102-69e68375ad12', 'd5450848-957d-5985-96b8-fc960293b679', '수기선택(조사단가 기준)', 65000, 'MAT'),
  ('24619584-8866-58bc-8b8f-fec7e3da0f21', 'dc2497d9-cc39-5763-9102-69e68375ad12', 'c61e40e3-72b3-57f1-9fed-3b939cc0ed19', '수기선택(조사단가 기준)', 65000, 'MAT'),
  ('c345f52e-d06e-5664-a3ea-6c9c38f98327', 'dc2497d9-cc39-5763-9102-69e68375ad12', 'e7a6c31d-bb44-5c08-a57d-5401495a4027', '수기선택(조사단가 기준)', 1100000, 'MAT'),
  ('9c5b73b0-bff4-5513-a699-5528b05f24cf', 'dc2497d9-cc39-5763-9102-69e68375ad12', 'ab571ed0-28ff-5314-be5a-873927627596', '수기선택(조사단가 기준)', 500000, 'MAT'),
  ('c26cf015-21d9-5c43-9964-25fa0f9bfe67', 'dc2497d9-cc39-5763-9102-69e68375ad12', '6c370dcd-0ab4-5b17-b891-472f634408a9', '수기선택(조사단가 기준)', 420000, 'MAT'),
  ('743c5b9c-71a3-5757-9fda-092654fdac25', 'dc2497d9-cc39-5763-9102-69e68375ad12', '8bfe8fdf-cc02-5de8-963d-01be33b89929', '수기선택(조사단가 기준)', 150000, 'MAT'),
  ('a0665a71-8e28-54ee-9f06-86b031b50964', 'dc2497d9-cc39-5763-9102-69e68375ad12', 'f05b7110-cd3a-5789-b022-7585b0a77395', '수기선택(조사단가 기준)', 550000, 'MAT'),
  ('77943dd9-32a9-580a-8659-464da4fabe0a', 'dc2497d9-cc39-5763-9102-69e68375ad12', '7c3febf2-a99b-596f-99ad-b25c325bd3c4', '수기선택(조사단가 기준)', 1400000, 'MAT'),
  ('3b19bd15-c10a-5507-8ffa-4e0463c05ac8', 'dc2497d9-cc39-5763-9102-69e68375ad12', 'b711c3ed-170f-5047-b94e-93e5de1ac85e', '수기선택(조사단가 기준)', 1450000, 'MAT'),
  ('f7aaf907-70c8-56c0-aae1-491bae3270e4', 'dc2497d9-cc39-5763-9102-69e68375ad12', '76d41498-0003-53d4-892b-3478cfeb19ff', '수기선택(조사단가 기준)', 135000, 'MAT'),
  ('c63b6864-5ba1-53c6-913d-d3a86aa70952', 'dc2497d9-cc39-5763-9102-69e68375ad12', 'f9f23610-a7e9-5dd5-8fc3-8f8435cafa0f', '수기선택(조사단가 기준)', 30000, 'MAT'),
  ('01549d3e-d9f7-538e-9787-46ba21641077', 'dc2497d9-cc39-5763-9102-69e68375ad12', 'b462cd9f-1b13-5ea6-bc46-b007e7c5bd9e', '수기선택(조사단가 기준)', 25000, 'MAT'),
  ('e9384eb6-5656-5797-959f-d6983cf33b6b', 'dc2497d9-cc39-5763-9102-69e68375ad12', '5a054df6-b10c-5c7b-bcbb-b457cb0bae7b', '수기선택(조사단가 기준)', 30000, 'MAT'),
  ('8dd3f51b-ee75-52bf-ad87-1acf055fb5f7', 'dc2497d9-cc39-5763-9102-69e68375ad12', '87d7dbef-c494-5a4b-b2d1-b33e902343a3', '수기선택(조사단가 기준)', 20000, 'MAT'),
  ('2fb169d5-5f3f-5b64-825d-3804a6fb6ce7', 'dc2497d9-cc39-5763-9102-69e68375ad12', 'a2f5648b-5957-53ea-82ed-0b1bae9029ca', '수기선택(조사단가 기준)', 15000, 'MAT'),
  ('c99584aa-9aca-579b-90dd-7041f251929a', 'dc2497d9-cc39-5763-9102-69e68375ad12', 'e985c961-2b1b-50ff-90de-8f84162bd6c2', '수기선택(조사단가 기준)', 28000, 'MAT'),
  ('c5ee583a-762c-5222-980e-309f596e61ca', 'dc2497d9-cc39-5763-9102-69e68375ad12', '9c96602d-8a9a-5e58-b467-d44fc67793b6', '수기선택(조사단가 기준)', 83000, 'MAT'),
  ('2277ae88-ae92-5e81-8768-4479a400d6c5', 'dc2497d9-cc39-5763-9102-69e68375ad12', '3ba67b6d-c486-563e-81dd-b973681d57b2', '수기선택(조사단가 기준)', 700000, 'MAT'),
  ('56b29dc1-a0ab-5961-a6db-902016b4659c', 'dc2497d9-cc39-5763-9102-69e68375ad12', 'ad256376-96ad-56a7-ae13-0c6386956d46', '수기선택(조사단가 기준)', 50000, 'MAT'),
  ('930d68a5-b12a-5546-9126-c1b2028b3b96', 'dc2497d9-cc39-5763-9102-69e68375ad12', '474bde15-b137-5c83-8f83-0a3d6ce2c902', '수기선택(조사단가 기준)', 500000, 'MAT'),
  ('01e342d9-d60a-5a86-b169-86f8e6b7845d', 'dc2497d9-cc39-5763-9102-69e68375ad12', 'd360ebbe-3d2f-53f7-af28-89d308e51f42', '수기선택(조사단가 기준)', 2500000, 'MAT'),
  ('477f9098-e3bd-5996-9e80-108d9977166f', 'dc2497d9-cc39-5763-9102-69e68375ad12', '5c1fe31b-a75a-5fb8-9d5e-b45d7f17c6c9', '수기선택(조사단가 기준)', 15000000, 'MAT'),
  ('81b308c3-ab33-5fd5-a77d-95afa60b4a7d', 'dc2497d9-cc39-5763-9102-69e68375ad12', 'b8fa34df-932d-523e-9ff0-f4de0615344a', '수기선택(조사단가 기준)', 1700000, 'MAT'),
  ('93ceb61c-e70e-54ab-ab87-cc440a3d2987', 'dc2497d9-cc39-5763-9102-69e68375ad12', '1e6930d2-978c-5f8b-9b08-be7199d6d361', '수기선택(조사단가 기준)', 2700000, 'MAT'),
  ('cbb8763a-cb87-51ba-b84f-4de8f850b64c', 'dc2497d9-cc39-5763-9102-69e68375ad12', 'dba5ce8e-6588-58ba-beac-f6b398df821e', '수기선택(조사단가 기준)', 3500000, 'MAT'),
  ('f2a28dd8-b97f-5adb-8b08-cb09bf795029', 'dc2497d9-cc39-5763-9102-69e68375ad12', 'f2267886-4521-5b8b-a06c-81a903a271a0', '수기선택(조사단가 기준)', 1500000, 'MAT'),
  ('88bafd1c-5d7d-5789-ac7e-11b1f9905d39', 'dc2497d9-cc39-5763-9102-69e68375ad12', '85bc2d3c-2842-5c2b-aa9c-1f02a9c22ef7', '수기선택(조사단가 기준)', 150000, 'MAT'),
  ('0901b960-5562-5fe8-8b17-02380859a8da', 'dc2497d9-cc39-5763-9102-69e68375ad12', 'b691a2d2-ecab-5ca0-905f-140c19b9896d', '수기선택(조사단가 기준)', 300000, 'MAT'),
  ('4c0e6f23-5803-5a35-b389-5ad67eca53b2', 'dc2497d9-cc39-5763-9102-69e68375ad12', 'd64da003-1ef6-5862-8bff-ca5a8536913b', '수기선택(조사단가 기준)', 16000, 'MAT'),
  ('d289e149-d464-515e-aedd-3b4aa62cbe52', 'dc2497d9-cc39-5763-9102-69e68375ad12', '8ee01715-0f0e-5e4f-9ea4-c215f76d5f75', '수기선택(조사단가 기준)', 15000, 'MAT'),
  ('23ab9c69-be4a-56a8-8ddd-629eebdcb8fa', 'dc2497d9-cc39-5763-9102-69e68375ad12', '8c36dd10-ba63-504e-885b-43206f4cb643', '수기선택(조사단가 기준)', 24000, 'MAT'),
  ('a9af95ea-514d-516a-84f6-b9e7fa82c930', 'dc2497d9-cc39-5763-9102-69e68375ad12', '0f91cf59-a3e9-5c65-bf62-80fb2a427d71', '수기선택(조사단가 기준)', 2000, 'MAT'),
  ('60f17fa0-25b2-5e06-8b9f-0af6414a461e', 'dc2497d9-cc39-5763-9102-69e68375ad12', '76339847-574f-5389-aa89-270b274c7956', '수기선택(조사단가 기준)', 90000, 'MAT'),
  ('c4f1a080-7b41-515e-a296-26cb598e502c', 'dc2497d9-cc39-5763-9102-69e68375ad12', '975a1fae-feb4-5884-aa38-1d7cda1edbd5', '수기선택(조사단가 기준)', 80000, 'MAT'),
  ('2caacadf-ae9f-54bb-a541-dc8826e9778e', 'dc2497d9-cc39-5763-9102-69e68375ad12', '58cbd74c-94f3-5117-9e8f-eb666de1688c', '수기선택(조사단가 기준)', 80000, 'MAT'),
  ('38c965a2-2779-5d85-9836-97e65f6ffe5e', 'dc2497d9-cc39-5763-9102-69e68375ad12', 'f591d9c4-a139-5663-99b4-3196c4423bae', '수기선택(조사단가 기준)', 7000, 'MAT'),
  ('37fc2726-2796-5c88-9558-7dbac11dee3d', 'dc2497d9-cc39-5763-9102-69e68375ad12', '7bc5d051-1dd7-5026-90e5-46bcdfc6d4ab', '수기선택(조사단가 기준)', 3000000, 'MAT'),
  ('7593777e-8a1f-5723-b4dd-0c8c6fa5afe4', 'dc2497d9-cc39-5763-9102-69e68375ad12', '3754954a-0a9f-558b-a142-da8034f0dcc5', '수기선택(조사단가 기준)', 1200000, 'MAT'),
  ('5da1a3fb-65ac-555c-8760-34c3f8ae28f1', 'dc2497d9-cc39-5763-9102-69e68375ad12', 'f0e32574-fd1c-5c2f-8af2-5883e837a382', '수기선택(조사단가 기준)', 800000, 'MAT'),
  ('1b6833f1-4374-5364-b786-2c672de9e340', 'dc2497d9-cc39-5763-9102-69e68375ad12', '9c476dd1-a08f-57f0-9a58-766986965cf2', '수기선택(조사단가 기준)', 1200000, 'MAT'),
  ('4ebe416d-938b-511f-8d3d-81924fbb4aa6', 'dc2497d9-cc39-5763-9102-69e68375ad12', 'ba25e190-77d6-570d-826f-0d40de6f71cb', '수기선택(조사단가 기준)', 3000000, 'MAT'),
  ('33081be7-ea8b-5dc2-b117-9eba98f565d2', 'dc2497d9-cc39-5763-9102-69e68375ad12', '5c1f20db-f6fc-5988-a393-19f6d11e9c5d', '수기선택(조사단가 기준)', 1200000, 'MAT'),
  ('9cf10384-e07a-5adc-a069-bd38484def40', 'dc2497d9-cc39-5763-9102-69e68375ad12', '3ac16ef9-ddde-5f9c-a6d1-9405ca7171b6', '수기선택(조사단가 기준)', 3000000, 'MAT'),
  ('11aa4193-5a48-5993-92a5-11ea1a7caf69', 'dc2497d9-cc39-5763-9102-69e68375ad12', 'bc38af6e-0a55-5a4a-90cc-b179b53514a4', '수기선택(조사단가 기준)', 247897, 'LAB'),
  ('a195f40b-6d3e-54fa-88a8-6cfe2a5d7c1b', 'dc2497d9-cc39-5763-9102-69e68375ad12', '9c1cd798-5871-5459-9664-8ce6fccafd65', '수기선택(조사단가 기준)', 172068, 'LAB'),
  ('d28a85af-7eaf-599f-a3a6-c0c70d2fb523', 'dc2497d9-cc39-5763-9102-69e68375ad12', 'd1be6100-cb51-50d7-98e2-9c1eae0de948', '수기선택(조사단가 기준)', 241698, 'LAB'),
  ('e1036207-5cad-5b1e-9f2a-e8395973899b', 'dc2497d9-cc39-5763-9102-69e68375ad12', '6b727e38-b794-52cc-acaa-94930cd20c40', '수기선택(조사단가 기준)', 275790, 'LAB'),
  ('1dc97ff3-2335-55bf-9d44-e423109ba683', 'dc2497d9-cc39-5763-9102-69e68375ad12', 'dda95de5-dd51-5bbb-b2dc-ceff8d6a8433', '수기선택(조사단가 기준)', 230376, 'LAB'),
  ('24471e4a-e39b-57e8-9339-e052698ad3aa', 'dc2497d9-cc39-5763-9102-69e68375ad12', '53ef657b-1be8-571d-8bea-31079719d226', '수기선택(조사단가 기준)', 281939, 'LAB'),
  ('afa3de74-14f6-5448-a82c-19c4f3f0d4f7', 'dc2497d9-cc39-5763-9102-69e68375ad12', '533d9825-ad79-5600-ab4e-7f83acd1883c', '수기선택(조사단가 기준)', 283297, 'LAB'),
  ('04ef57e8-2f63-5da7-98d3-5225c023735d', 'dc2497d9-cc39-5763-9102-69e68375ad12', 'eef59469-85bb-5287-947e-29f0821229aa', '수기선택(조사단가 기준)', 226122, 'LAB'),
  ('66e58bf3-0a76-5cfe-b3d1-0fd678572e85', 'dc2497d9-cc39-5763-9102-69e68375ad12', 'b4384e28-8452-5a7e-aec8-2f4108a60f68', '수기선택(조사단가 기준)', 217012, 'LAB');

insert into unit_cost_item (id, revision_id, unit_cost_no, item_name, specification, unit, material_amount, labor_amount, expense_amount, total_amount) values
  ('aaf09068-26b0-5275-b3bd-4ce9ce530e59', 'dc2497d9-cc39-5763-9102-69e68375ad12', '1호', '강관 용접 배관', 'D50', 'M', 494, 24724, 0, 25218),
  ('e8a1787b-5ba4-5023-b574-c61848901c90', 'dc2497d9-cc39-5763-9102-69e68375ad12', '2호', '발열선 설치', NULL, 'M', 0, 5140, 0, 5140),
  ('5d6a3246-ce2f-5583-bf11-25ce150a1c73', 'dc2497d9-cc39-5763-9102-69e68375ad12', '3호', '탱크설치', NULL, '대', 0, 3053237, 0, 3053237),
  ('83ea9e94-e2fb-505c-b56b-82f2d6a7bbf5', 'dc2497d9-cc39-5763-9102-69e68375ad12', '4호', '탱크철거', NULL, '대', 0, 1526617, 0, 1526617);

insert into unit_cost_component (id, unit_cost_item_id, sort_order, component_name, specification, unit, quantity, price_item_id, material_unit_price, labor_unit_price, expense_unit_price, material_amount, labor_amount, expense_amount, total_unit_price, total_amount) values
  ('a56fae7c-c32e-558a-8964-af32abe2098b', 'aaf09068-26b0-5275-b3bd-4ce9ce530e59', 1, '배관공', NULL, '인', 0.081, 'bc38af6e-0a55-5a4a-90cc-b179b53514a4', 0, 247897, 0, 0, 20079, 0, 247897, 20079),
  ('a80eb7cc-00dd-5a09-8536-b28de3950000', 'aaf09068-26b0-5275-b3bd-4ce9ce530e59', 2, '보통인부', NULL, '인', 0.027000000000000003, '9c1cd798-5871-5459-9664-8ce6fccafd65', NULL, 172068, 0, NULL, 4645, 0, 172068, 4645),
  ('cc8e17a5-be62-5f9e-a46f-49dc28f1fd1b', 'aaf09068-26b0-5275-b3bd-4ce9ce530e59', 3, '공구손료 및 경장비의 기계경비', '인력품의 2%', '식', 1, NULL, 494, NULL, NULL, 494, NULL, NULL, 494, 494),
  ('a44d5374-5a5d-5775-aee0-b4bf480792e7', 'e8a1787b-5ba4-5023-b574-c61848901c90', 4, '기계설비공', NULL, '인', 0.017, 'd1be6100-cb51-50d7-98e2-9c1eae0de948', 0, 241698, 0, 0, 4108, 0, 241698, 4108),
  ('9bb825b1-bd7d-5038-adf8-f38f22721a12', 'e8a1787b-5ba4-5023-b574-c61848901c90', 5, '보통인부', NULL, '인', 0.006, '9c1cd798-5871-5459-9664-8ce6fccafd65', NULL, 172068, 0, NULL, 1032, 0, 172068, 1032),
  ('0b356404-36df-5989-9f26-87c3a0a89158', '5d6a3246-ce2f-5583-bf11-25ce150a1c73', 6, '형틀목공', NULL, '인', 0.13, '6b727e38-b794-52cc-acaa-94930cd20c40', 0, 275790, 0, 0, 35852, 0, 275790, 35852),
  ('4ba08d25-9cbb-5921-b9c4-12827d839525', '5d6a3246-ce2f-5583-bf11-25ce150a1c73', 7, '플랜트기계설치공', NULL, '인', 2.13, 'dda95de5-dd51-5bbb-b2dc-ceff8d6a8433', NULL, 230376, 0, NULL, 490700, 0, 230376, 490700),
  ('3bba7671-7cc9-5d77-b6f6-66cb4acccc36', '5d6a3246-ce2f-5583-bf11-25ce150a1c73', 8, '비계공', NULL, '인', 0.23, '53ef657b-1be8-571d-8bea-31079719d226', NULL, 281939, 0, NULL, 64845, 0, 281939, 64845),
  ('3659a672-0974-5d17-953d-f016c56f8d6c', '5d6a3246-ce2f-5583-bf11-25ce150a1c73', 9, '건설기계운전사', NULL, '인', 0.78, '533d9825-ad79-5600-ab4e-7f83acd1883c', NULL, 283297, 0, NULL, 220971, 0, 283297, 220971),
  ('3fdaaf98-de76-5cd1-bee2-5710b6d735a4', '5d6a3246-ce2f-5583-bf11-25ce150a1c73', 10, '특별인부', NULL, '인', 9.91, 'eef59469-85bb-5287-947e-29f0821229aa', NULL, 226122, 0, NULL, 2240869, 0, 226122, 2240869),
  ('b650e3d9-9062-5952-97ed-f16a98d6e124', '83ea9e94-e2fb-505c-b56b-82f2d6a7bbf5', 11, '형틀목공', NULL, '인', 0.065, '6b727e38-b794-52cc-acaa-94930cd20c40', 0, 275790, 0, 0, 17926, 0, 275790, 17926),
  ('c735112c-e96c-5f66-81e3-1fff6df9f6d6', '83ea9e94-e2fb-505c-b56b-82f2d6a7bbf5', 12, '플랜트기계설치공', NULL, '인', 1.065, 'dda95de5-dd51-5bbb-b2dc-ceff8d6a8433', NULL, 230376, 0, NULL, 245350, 0, 230376, 245350),
  ('5022f08e-227d-5a42-bf5f-840be5d76419', '83ea9e94-e2fb-505c-b56b-82f2d6a7bbf5', 13, '비계공', NULL, '인', 0.115, '53ef657b-1be8-571d-8bea-31079719d226', NULL, 281939, 0, NULL, 32422, 0, 281939, 32422),
  ('ef5d6b17-fcc0-5337-8e9d-a34cee95618b', '83ea9e94-e2fb-505c-b56b-82f2d6a7bbf5', 14, '건설기계운전사', NULL, '인', 0.39, '533d9825-ad79-5600-ab4e-7f83acd1883c', NULL, 283297, 0, NULL, 110485, 0, 283297, 110485),
  ('b7d43b10-9ef1-5ccc-9a61-984aa65a38a1', '83ea9e94-e2fb-505c-b56b-82f2d6a7bbf5', 15, '특별인부', NULL, '인', 4.955, 'eef59469-85bb-5287-947e-29f0821229aa', NULL, 226122, 0, NULL, 1120434, 0, 226122, 1120434);

insert into cost_line (id, revision_id, sheet_role, line_code, sort_order, item_name, specification, unit, quantity, material_unit_price, material_amount, labor_unit_price, labor_amount, expense_unit_price, expense_amount, total_amount, note, unit_cost_item_id, price_item_id) values
  ('8f179f31-901b-592e-92bf-b374365fd454', 'dc2497d9-cc39-5763-9102-69e68375ad12', 'detail', NULL, 1, 'SHELL PLATE-STS304', 't6*5''*9200', 'SH', 2, 3400000, 6800000, NULL, 0, NULL, 0, 6800000, NULL, NULL, 'a2ce9b08-78cb-5db9-a127-9d184744706c'),
  ('fdfc1a4b-ac89-5a21-bdd2-b5db0ccc30b8', 'dc2497d9-cc39-5763-9102-69e68375ad12', 'detail', NULL, 2, 'SHELL PLATE-STS304', 't5*5''*9200', 'SH', 1, 2877200, 2877200, NULL, NULL, NULL, NULL, 2877200, NULL, NULL, '690dcf8e-04af-5736-ab54-551dabda201b'),
  ('6775885c-388f-5727-bf3b-2d7f5b21250e', 'dc2497d9-cc39-5763-9102-69e68375ad12', 'detail', NULL, 3, 'BOTTOM CONE PLATE-STS304', 't8*5''*10''', 'SH', 2, 1898000, 3796000, NULL, NULL, NULL, NULL, 3796000, NULL, NULL, 'da784c00-bb4a-5c49-a4d2-771b9bb8f378'),
  ('120268a0-e6e2-5879-97e1-d9414692dd0c', 'dc2497d9-cc39-5763-9102-69e68375ad12', 'detail', NULL, 4, 'ROOF PLATE-STS304', 't4*5''*10''', 'SH', 2, 621600, 1243200, NULL, NULL, NULL, NULL, 1243200, NULL, NULL, '2025ae9b-8772-5be1-b76a-932672412de4'),
  ('e479c067-4db3-548b-8c20-4126d710b162', 'dc2497d9-cc39-5763-9102-69e68375ad12', 'detail', NULL, 5, 'TOP ANGLE-STS304', 'L-65*65*t6', 'M', 12, 75000, 900000, NULL, NULL, NULL, NULL, 900000, NULL, NULL, 'c4ef5ea4-82f9-5d8a-a270-dc353dc3d2ac'),
  ('bc60ef54-a755-5e09-bf18-a05d3fd85681', 'dc2497d9-cc39-5763-9102-69e68375ad12', 'detail', NULL, 6, 'LEG-SS400', 'H-150*150', 'M', 10, 65000, 650000, NULL, NULL, NULL, NULL, 650000, NULL, NULL, 'd5450848-957d-5985-96b8-fc960293b679'),
  ('2d79caae-f53f-5636-9bb5-de41cb8bde51', 'dc2497d9-cc39-5763-9102-69e68375ad12', 'detail', NULL, 7, 'LOADCELL FRAME-SS400', 'H-150*150', 'M', 10, 65000, 650000, NULL, NULL, NULL, NULL, 650000, NULL, NULL, 'c61e40e3-72b3-57f1-9fed-3b939cc0ed19'),
  ('aa344b9f-7ed2-51c7-a3fe-768c65351ef4', 'dc2497d9-cc39-5763-9102-69e68375ad12', 'detail', NULL, 8, 'LOAD CELL', 'ULKS (ALL SUS)', 'EA', 4, 1100000, 4400000, NULL, NULL, NULL, NULL, 4400000, NULL, NULL, 'e7a6c31d-bb44-5c08-a57d-5401495a4027'),
  ('1dbd8e9a-c65b-5ae4-99ce-e4ad76ecb1cc', 'dc2497d9-cc39-5763-9102-69e68375ad12', 'detail', NULL, 9, '인디케이터', 'AD510A', 'EA', 1, 500000, 500000, NULL, NULL, NULL, NULL, 500000, NULL, NULL, 'ab571ed0-28ff-5314-be5a-873927627596'),
  ('ac2dcef4-25ce-5984-8007-b0f954b5739f', 'dc2497d9-cc39-5763-9102-69e68375ad12', 'detail', NULL, 10, '전기판넬', 'ADIP-SUS 외함', 'EA', 1, 420000, 420000, NULL, NULL, NULL, NULL, 420000, NULL, NULL, '6c370dcd-0ab4-5b17-b891-472f634408a9'),
  ('1e9d76f0-ef89-5bc0-a100-6754b1cec747', 'dc2497d9-cc39-5763-9102-69e68375ad12', 'detail', NULL, 11, 'Summing Box', 'AD310(4P)', 'EA', 1, 150000, 150000, NULL, NULL, NULL, NULL, 150000, NULL, NULL, '8bfe8fdf-cc02-5de8-963d-01be33b89929'),
  ('7bd10df6-5a1e-59b7-b1e1-9d335531b5a7', 'dc2497d9-cc39-5763-9102-69e68375ad12', 'detail', NULL, 12, '외부표시기', '8915C', 'EA', 1, 550000, 550000, NULL, NULL, NULL, NULL, 550000, NULL, NULL, 'f05b7110-cd3a-5789-b022-7585b0a77395'),
  ('e4168c81-1d28-55ff-9a6a-2ef2a9d49bcb', 'dc2497d9-cc39-5763-9102-69e68375ad12', 'detail', NULL, 13, 'MAN HOLE-STS304', 'Φ500', 'SET', 1, 1400000, 1400000, NULL, NULL, NULL, NULL, 1400000, NULL, NULL, '7c3febf2-a99b-596f-99ad-b25c325bd3c4'),
  ('db516baa-8b59-5f8b-8122-afb4d295cbc9', 'dc2497d9-cc39-5763-9102-69e68375ad12', 'detail', NULL, 14, 'BREATH VALVE-STS304', '80A*10K', 'EA', 1, 1450000, 1450000, NULL, NULL, NULL, NULL, 1450000, NULL, NULL, 'b711c3ed-170f-5047-b94e-93e5de1ac85e'),
  ('c098663d-8892-50f4-b877-a501deb30452', 'dc2497d9-cc39-5763-9102-69e68375ad12', 'detail', NULL, 15, 'INSULATIN ANGLE-SS400', 'L-50*50*t6', '본', 10, 135000, 1350000, NULL, NULL, NULL, NULL, 1350000, NULL, NULL, '76d41498-0003-53d4-892b-3478cfeb19ff'),
  ('7a1e28ef-801f-52a1-9205-747f4705979f', 'dc2497d9-cc39-5763-9102-69e68375ad12', 'detail', NULL, 16, 'HAND RAIL-SGP', '32A', '본', 2, 30000, 60000, NULL, NULL, NULL, NULL, 60000, NULL, NULL, 'f9f23610-a7e9-5dd5-8fc3-8f8435cafa0f'),
  ('f782af2c-9eb3-5e7e-9797-12a7d462ad2f', 'dc2497d9-cc39-5763-9102-69e68375ad12', 'detail', NULL, 17, 'HAND RAIL-SGP', '25A', '본', 5, 25000, 125000, NULL, NULL, NULL, NULL, 125000, NULL, NULL, 'b462cd9f-1b13-5ea6-bc46-b007e7c5bd9e'),
  ('871dea82-3c2e-5e2b-9096-86fb1acae2f4', 'dc2497d9-cc39-5763-9102-69e68375ad12', 'detail', NULL, 18, 'LADDER-SS400', 'FB-50*t9', '본', 3, 30000, 90000, NULL, NULL, NULL, NULL, 90000, NULL, NULL, '5a054df6-b10c-5c7b-bcbb-b457cb0bae7b'),
  ('b2474d89-1ae5-5f37-a3e9-a017ec353cac', 'dc2497d9-cc39-5763-9102-69e68375ad12', 'detail', NULL, 19, 'LADDER-SS400', 'FB-50*t6', '본', 3, 20000, 60000, NULL, NULL, NULL, NULL, 60000, NULL, NULL, '87d7dbef-c494-5a4b-b2d1-b33e902343a3'),
  ('10829645-84aa-5623-a575-5bd790507db1', 'dc2497d9-cc39-5763-9102-69e68375ad12', 'detail', NULL, 20, 'LADDER-SS400', 'FB-38*t6', '본', 5, 15000, 75000, NULL, NULL, NULL, NULL, 75000, NULL, NULL, 'a2f5648b-5957-53ea-82ed-0b1bae9029ca'),
  ('8d9d1f90-ec9f-555f-aef2-8c8d76bf92c3', 'dc2497d9-cc39-5763-9102-69e68375ad12', 'detail', NULL, 21, 'ROUND BAR-SS400', 'Φ19', '본', 1.5, 28000, 42000, NULL, NULL, NULL, NULL, 42000, NULL, NULL, 'e985c961-2b1b-50ff-90de-8f84162bd6c2'),
  ('0cc400ec-af3b-5978-9116-2f8f2612f724', 'dc2497d9-cc39-5763-9102-69e68375ad12', 'detail', NULL, 22, 'INTERNAL LADDER-STS304', 'Φ18', '본', 3, 83000, 249000, NULL, NULL, NULL, NULL, 249000, NULL, NULL, '9c96602d-8a9a-5e58-b467-d44fc67793b6'),
  ('d34248d6-0a62-5806-8af3-35b504055e9e', 'dc2497d9-cc39-5763-9102-69e68375ad12', 'detail', NULL, 23, 'LEVEL GAUGE-STS304', 'FLOT TYPE', 'SET', 1, 700000, 700000, NULL, NULL, NULL, NULL, 700000, NULL, NULL, '3ba67b6d-c486-563e-81dd-b973681d57b2'),
  ('d000035c-e4ab-5773-9198-19ddd19643df', 'dc2497d9-cc39-5763-9102-69e68375ad12', 'detail', NULL, 24, 'LIFT LUG-STS304', 't20', 'EA', 4, 50000, 200000, NULL, NULL, NULL, NULL, 200000, NULL, NULL, 'ad256376-96ad-56a7-ae13-0c6386956d46'),
  ('aa40cbd6-89c2-5076-8872-97327370b6f5', 'dc2497d9-cc39-5763-9102-69e68375ad12', 'detail', NULL, 25, 'NOZZLE-STS304', '50A,80A', 'LOT', 1, 500000, 500000, NULL, NULL, NULL, NULL, 500000, NULL, NULL, '474bde15-b137-5c83-8f83-0a3d6ce2c902'),
  ('8f62f581-74c4-55aa-b375-c2f435de4a12', 'dc2497d9-cc39-5763-9102-69e68375ad12', 'detail', NULL, 26, '기타잡자재비', '자재비의', '%', 2, 29237400, 584748, NULL, NULL, NULL, NULL, 584748, NULL, NULL, NULL),
  ('2bce53e3-5965-5cf4-a219-fedd4f8ecdf4', 'dc2497d9-cc39-5763-9102-69e68375ad12', 'detail', '2. 제작비', 27, '가공비', NULL, 'LOT', 1, 2500000, 2500000, NULL, NULL, NULL, NULL, 2500000, NULL, NULL, 'd360ebbe-3d2f-53f7-af28-89d308e51f42'),
  ('b9f26c8b-860a-5bcf-ad63-787eb7e261ed', 'dc2497d9-cc39-5763-9102-69e68375ad12', 'detail', '2. 제작비', 28, '제작비', NULL, 'LOT', 1, 15000000, 15000000, NULL, NULL, NULL, NULL, 15000000, NULL, NULL, '5c1fe31b-a75a-5fb8-9d5e-b45d7f17c6c9'),
  ('4519acc2-ffc2-5369-941a-bfea1ed07947', 'dc2497d9-cc39-5763-9102-69e68375ad12', 'detail', '2. 제작비', 29, 'PAINTING비', NULL, 'LOT', 1, 1700000, 1700000, NULL, NULL, NULL, NULL, 1700000, NULL, NULL, 'b8fa34df-932d-523e-9ff0-f4de0615344a'),
  ('89a628b1-91fe-51a3-9ba6-e75902b772a4', 'dc2497d9-cc39-5763-9102-69e68375ad12', 'detail', '2. 제작비', 30, '용접부 비파괴검사', 'COLOR CHECK', 'LOT', 1, NULL, NULL, NULL, NULL, 2700000, 2700000, 2700000, NULL, NULL, '1e6930d2-978c-5f8b-9b08-be7199d6d361'),
  ('b9bc375f-620f-535a-b222-39b0357c0879', 'dc2497d9-cc39-5763-9102-69e68375ad12', 'detail', '2. 제작비', 31, '산세척비', NULL, 'LOT', 1, NULL, NULL, NULL, NULL, 3500000, 3500000, 3500000, NULL, NULL, 'dba5ce8e-6588-58ba-beac-f6b398df821e'),
  ('1107fe37-5e24-56b7-86f6-e156d2322a91', 'dc2497d9-cc39-5763-9102-69e68375ad12', 'detail', '2. 제작비', 32, '충수검사', 'FULL WATER', 'LOT', 1, NULL, NULL, NULL, NULL, 1500000, 1500000, 1500000, NULL, NULL, 'f2267886-4521-5b8b-a06c-81a903a271a0'),
  ('95f2f862-cde2-536b-aec7-0c6622c9eb4a', 'dc2497d9-cc39-5763-9102-69e68375ad12', 'detail', '3. 배관공사', 33, 'PIPE-STS304', '50A*S10', '본', 2, 150000, 300000, NULL, NULL, NULL, NULL, 300000, NULL, NULL, '85bc2d3c-2842-5c2b-aa9c-1f02a9c22ef7'),
  ('e53d07e3-3efb-5a09-a45a-09ea1026c2b6', 'dc2497d9-cc39-5763-9102-69e68375ad12', 'detail', '3. 배관공사', 34, 'BALL VALVE-STS304', '50A*10K', 'EA', 4, 300000, 1200000, NULL, NULL, NULL, NULL, 1200000, NULL, NULL, 'b691a2d2-ecab-5ca0-905f-140c19b9896d'),
  ('69e83e3c-4cb8-52fa-9d07-19fd107c01e6', 'dc2497d9-cc39-5763-9102-69e68375ad12', 'detail', '3. 배관공사', 35, '용접TEE-STS304', '50A*S10', 'EA', 1, 16000, 16000, NULL, NULL, NULL, NULL, 16000, NULL, NULL, 'd64da003-1ef6-5862-8bff-ca5a8536913b'),
  ('da76809e-3156-5378-8d8b-ef766d19007a', 'dc2497d9-cc39-5763-9102-69e68375ad12', 'detail', '3. 배관공사', 36, '용접ELBOW-STS304', '50A*S10', 'EA', 10, 15000, 150000, NULL, NULL, NULL, NULL, 150000, NULL, NULL, '8ee01715-0f0e-5e4f-9ea4-c215f76d5f75'),
  ('1ba31acc-ba70-5d04-9463-9fed6beddd23', 'dc2497d9-cc39-5763-9102-69e68375ad12', 'detail', '3. 배관공사', 37, 'FLANGE-STS304', '50A*10K', 'EA', 13, 24000, 312000, NULL, NULL, NULL, NULL, 312000, NULL, NULL, '8c36dd10-ba63-504e-885b-43206f4cb643'),
  ('05039835-64f3-5ed8-a423-8f9f4a9afbcb', 'dc2497d9-cc39-5763-9102-69e68375ad12', 'detail', '3. 배관공사', 38, 'GASKET-EPDM', '50A', 'EA', 12, 2000, 24000, NULL, NULL, NULL, NULL, 24000, NULL, NULL, '0f91cf59-a3e9-5c65-bf62-80fb2a427d71'),
  ('4ee39529-df77-5f09-be2e-ce9c56d23277', 'dc2497d9-cc39-5763-9102-69e68375ad12', 'detail', '3. 배관공사', 39, 'FLEXIBLE-STS304', '50A*L300', 'EA', 2, 90000, 180000, NULL, NULL, NULL, NULL, 180000, NULL, NULL, '76339847-574f-5389-aa89-270b274c7956'),
  ('f5461d87-9b68-5b0f-8975-f9eda7ba756d', 'dc2497d9-cc39-5763-9102-69e68375ad12', 'detail', '3. 배관공사', 40, 'HEX.B/N-STS304', 'M16', 'LOT', 1, 80000, 80000, NULL, NULL, NULL, NULL, 80000, NULL, NULL, '975a1fae-feb4-5884-aa38-1d7cda1edbd5'),
  ('71eb0972-3435-5cfc-928a-6a6cf3e0857d', 'dc2497d9-cc39-5763-9102-69e68375ad12', 'detail', '3. 배관공사', 41, 'Q-COUPLING-STS304', '2"', 'SET', 2, 80000, 160000, NULL, NULL, NULL, NULL, 160000, NULL, NULL, '58cbd74c-94f3-5117-9e8f-eb666de1688c'),
  ('31f16391-7815-592e-8b29-b9b6788fc84a', 'dc2497d9-cc39-5763-9102-69e68375ad12', 'detail', '3. 배관공사', 42, '현장배관공사비', NULL, 'M', 12, 494, 5928, 24724, 296688, NULL, NULL, 302616, '제1호표', 'aaf09068-26b0-5275-b3bd-4ce9ce530e59', NULL),
  ('e4581d45-1a27-5d16-b6e1-fe454c5df210', 'dc2497d9-cc39-5763-9102-69e68375ad12', 'detail', '4.HEATING CABLE설치공사', 43, 'HEATING CABLE', '30W', 'M', 400, 7000, 2800000, NULL, NULL, NULL, NULL, 2800000, NULL, NULL, 'f591d9c4-a139-5663-99b4-3196c4423bae'),
  ('e31ad22f-e2c9-5b8a-8f82-27940cd680ca', 'dc2497d9-cc39-5763-9102-69e68375ad12', 'detail', '4.HEATING CABLE설치공사', 44, 'CONTROL PANNEL(온도CONTROLLER)', NULL, 'SET', 1, 3000000, 3000000, NULL, NULL, NULL, NULL, 3000000, NULL, NULL, '7bc5d051-1dd7-5026-90e5-46bcdfc6d4ab'),
  ('52ad6ff0-bdf8-5deb-8e75-125f4a7c754c', 'dc2497d9-cc39-5763-9102-69e68375ad12', 'detail', '4.HEATING CABLE설치공사', 45, '현장설치비', NULL, 'M', 400, NULL, NULL, 5140, 2056000, NULL, NULL, 2056000, '제2호표', 'e8a1787b-5ba4-5023-b574-c61848901c90', NULL),
  ('292078e1-5f18-5220-8136-3ebc6e674478', 'dc2497d9-cc39-5763-9102-69e68375ad12', 'detail', '4.HEATING CABLE설치공사', 46, 'GLASS WOOL', 't50', 'LOT', 1, 800000, 800000, NULL, NULL, NULL, NULL, 800000, NULL, NULL, 'f0e32574-fd1c-5c2f-8af2-5883e837a382'),
  ('650437a2-7245-5db1-8fe8-f66850dd23cd', 'dc2497d9-cc39-5763-9102-69e68375ad12', 'detail', '4.HEATING CABLE설치공사', 47, 'COLOR SHEET', NULL, 'LOT', 1, 1200000, 1200000, NULL, NULL, NULL, NULL, 1200000, NULL, NULL, '9c476dd1-a08f-57f0-9a58-766986965cf2'),
  ('933cdb37-9182-5500-998d-15803a084128', 'dc2497d9-cc39-5763-9102-69e68375ad12', 'detail', '4.HEATING CABLE설치공사', 48, '보온 인건비', '보온공', '인', 10, NULL, NULL, 217012, 2170120, NULL, NULL, 2170120, NULL, NULL, 'b4384e28-8452-5a7e-aec8-2f4108a60f68'),
  ('2e5251d8-5ded-55f4-b1d3-c33c02cc6d2e', 'dc2497d9-cc39-5763-9102-69e68375ad12', 'detail', '4.HEATING CABLE설치공사', 49, '배관보온공사비', '자재+인건비', 'LOT', 1, 3000000, 3000000, NULL, NULL, NULL, NULL, 3000000, NULL, NULL, 'ba25e190-77d6-570d-826f-0d40de6f71cb'),
  ('7b41a121-f6c7-5f77-90c4-2367fbfb4d3c', 'dc2497d9-cc39-5763-9102-69e68375ad12', 'detail', '4.HEATING CABLE설치공사', 50, '비계설치및철거', '비계공', '인', 6, NULL, NULL, 281939, 1691634, NULL, NULL, 1691634, NULL, NULL, '53ef657b-1be8-571d-8bea-31079719d226'),
  ('ff82d74c-e01b-5512-998f-df855470c190', 'dc2497d9-cc39-5763-9102-69e68375ad12', 'detail', '4.HEATING CABLE설치공사', 51, '보통인부', NULL, '인', 6, NULL, NULL, 172068, 1032408, NULL, NULL, 1032408, NULL, NULL, '9c1cd798-5871-5459-9664-8ce6fccafd65'),
  ('f3e9c8ff-c22c-51f6-b5fb-1240eb0d097e', 'dc2497d9-cc39-5763-9102-69e68375ad12', 'detail', '6. 현장설치및 기존철거', 52, '기존TANK 철거', NULL, '대', 1, NULL, NULL, 3053237, 3053237, 0, NULL, 3053237, NULL, '5d6a3246-ce2f-5583-bf11-25ce150a1c73', NULL),
  ('0fb4b925-d51a-5373-93cf-1a7e6cb1b030', 'dc2497d9-cc39-5763-9102-69e68375ad12', 'detail', '6. 현장설치및 기존철거', 53, '신규제작TANK 설치', NULL, '대', 1, NULL, NULL, 1526617, 1526617, 0, NULL, 1526617, NULL, '83ea9e94-e2fb-505c-b56b-82f2d6a7bbf5', NULL),
  ('81ceeeb8-11ff-5c47-8c73-1fe7a85f10c3', 'dc2497d9-cc39-5763-9102-69e68375ad12', 'detail', '6. 현장설치및 기존철거', 54, '운반비', NULL, 'LOT', 1, NULL, NULL, NULL, NULL, 1200000, 1200000, 1200000, NULL, NULL, '5c1f20db-f6fc-5988-a393-19f6d11e9c5d'),
  ('e3aa70e0-8660-5ad4-a71a-102ee5dffcaf', 'dc2497d9-cc39-5763-9102-69e68375ad12', 'detail', '6. 현장설치및 기존철거', 55, '장비사용료', NULL, 'LOT', 1, NULL, NULL, NULL, NULL, 3000000, 3000000, 3000000, NULL, NULL, '3ac16ef9-ddde-5f9c-a6d1-9405ca7171b6'),
  ('9c0af3be-a41e-579e-a378-f0bd446840ad', 'dc2497d9-cc39-5763-9102-69e68375ad12', 'detail', '5. 안전장치', 56, '추락방지장치', '가바나식', '식', 1, 2300000, 2300000, NULL, NULL, NULL, NULL, 2300000, NULL, NULL, NULL),
  ('9c685069-965b-5f74-a04c-38e89fd95dad', 'dc2497d9-cc39-5763-9102-69e68375ad12', 'detail', '5. 안전장치', 57, '안전블록', NULL, '식', 1, 700000, 700000, NULL, NULL, NULL, NULL, 700000, NULL, NULL, NULL);

insert into rate_rule_set (id, rule_set_code, rule_set_name, basis_date, source_name) values
  ('eb54cf38-7b01-5eaa-95e5-ed0ff3077c8b', 'SAMPLE_VER2_RATES', 'sample_ver2 적용 요율 묶음', DATE '2026-06-01', '원가계산서 시트 J열(비율)');

insert into rate_rule (id, rule_set_id, cost_component_code, base_amount_type, rate_percent, rounding_rule) values
  ('0738142f-4b01-55bc-a3d4-fd662989c58e', 'eb54cf38-7b01-5eaa-95e5-ed0ff3077c8b', 'E11', 'E10', 0.14, 'trunc_0'),
  ('b725b6a6-edd8-5587-8c51-0ee44fd1dc05', 'eb54cf38-7b01-5eaa-95e5-ed0ff3077c8b', 'E14', 'E12', 0.0356, 'trunc_0'),
  ('9aaec37c-e5e3-5265-a3d8-ae3810a98370', 'eb54cf38-7b01-5eaa-95e5-ed0ff3077c8b', 'E15', 'E12', 0.0101, 'trunc_0'),
  ('0c1fa507-7ccb-5bd7-92b6-197302607803', 'eb54cf38-7b01-5eaa-95e5-ed0ff3077c8b', 'E16', 'E10', 0.03595, 'trunc_0'),
  ('2945003e-6d56-51f4-857a-8e899be89815', 'eb54cf38-7b01-5eaa-95e5-ed0ff3077c8b', 'E17', 'E10', 0.0475, 'trunc_0'),
  ('385d7335-8aa3-5f5c-a7f8-40daa30b275a', 'eb54cf38-7b01-5eaa-95e5-ed0ff3077c8b', 'E18', 'E16', 0.1314, 'trunc_0'),
  ('27632b42-19a5-5395-b86b-89ef383815d5', 'eb54cf38-7b01-5eaa-95e5-ed0ff3077c8b', 'E19', 'E12', 5.9999999999999995e-05, 'trunc_0'),
  ('4b3cb9d7-5729-55b7-94e5-2ceba34bb9fe', 'eb54cf38-7b01-5eaa-95e5-ed0ff3077c8b', 'E20', 'E12', 0.0009, 'trunc_0'),
  ('243694f0-201f-5fc0-9af5-38ad31181d09', 'eb54cf38-7b01-5eaa-95e5-ed0ff3077c8b', 'E21', 'E10', 0.023, 'trunc_0'),
  ('917e724d-8605-5c76-a79b-591da49e119f', 'eb54cf38-7b01-5eaa-95e5-ed0ff3077c8b', 'E22', 'E9+E10', 0.0311, 'trunc_0'),
  ('093a2c06-0067-5e98-9fe8-b4c7a3e997da', 'eb54cf38-7b01-5eaa-95e5-ed0ff3077c8b', 'E23', 'E9+E12', 0.046, 'trunc_0'),
  ('d805ef39-f577-5bb0-8baf-392d4caa80dc', 'eb54cf38-7b01-5eaa-95e5-ed0ff3077c8b', 'E32', 'E9+E12+E30', 0.08, 'trunc_0'),
  ('5a26cd8b-c510-5298-b048-6895f932c59d', 'eb54cf38-7b01-5eaa-95e5-ed0ff3077c8b', 'E33', 'E12+E30+E32', 0.15, 'trunc_0'),
  ('53162874-17f7-5afe-90b1-2249c1584fa0', 'eb54cf38-7b01-5eaa-95e5-ed0ff3077c8b', 'E35', 'E34', 0.1, 'trunc_0');

insert into indirect_cost_charge (id, revision_id, rate_rule_id, component_code, base_amount, rate_percent, calculated_amount, source_sheet_name, source_cell_address) values
  ('631d778d-d16a-538d-b9eb-9e09213c567f', 'dc2497d9-cc39-5763-9102-69e68375ad12', '0738142f-4b01-55bc-a3d4-fd662989c58e', 'E11', 11826704, 0.14, 1655738, '원가계산서', 'E11'),
  ('b9e0d3cd-4fb1-5809-9738-1c9cccfac02c', 'dc2497d9-cc39-5763-9102-69e68375ad12', 'b725b6a6-edd8-5587-8c51-0ee44fd1dc05', 'E14', 13482442, 0.0356, 479974, '원가계산서', 'E14'),
  ('f67da144-68b8-5d0e-b4aa-7817f1a7a257', 'dc2497d9-cc39-5763-9102-69e68375ad12', '9aaec37c-e5e3-5265-a3d8-ae3810a98370', 'E15', 13482442, 0.0101, 136172, '원가계산서', 'E15'),
  ('bf8e575e-f397-5159-9ee0-ca2acdd44b83', 'dc2497d9-cc39-5763-9102-69e68375ad12', '0c1fa507-7ccb-5bd7-92b6-197302607803', 'E16', 11826704, 0.03595, 425170, '원가계산서', 'E16'),
  ('c1af1fef-f2e4-5da0-9d43-4edfbf58eb38', 'dc2497d9-cc39-5763-9102-69e68375ad12', '2945003e-6d56-51f4-857a-8e899be89815', 'E17', 11826704, 0.0475, 561768, '원가계산서', 'E17'),
  ('190dce6b-10f6-5f97-88af-3642150e01e6', 'dc2497d9-cc39-5763-9102-69e68375ad12', '385d7335-8aa3-5f5c-a7f8-40daa30b275a', 'E18', 425170, 0.1314, 55867, '원가계산서', 'E18'),
  ('a5b2cd65-adda-5a4b-aac8-907009749ad2', 'dc2497d9-cc39-5763-9102-69e68375ad12', '27632b42-19a5-5395-b86b-89ef383815d5', 'E19', 13482442, 5.9999999999999995e-05, 808, '원가계산서', 'E19'),
  ('f436e66b-b6a0-554b-9556-1923cae269e9', 'dc2497d9-cc39-5763-9102-69e68375ad12', '4b3cb9d7-5729-55b7-94e5-2ceba34bb9fe', 'E20', 13482442, 0.0009, 12134, '원가계산서', 'E20'),
  ('3616873d-a428-5ab3-996a-89974dacef7f', 'dc2497d9-cc39-5763-9102-69e68375ad12', '243694f0-201f-5fc0-9af5-38ad31181d09', 'E21', 11826704, 0.023, 272014, '원가계산서', 'E21'),
  ('e512469d-8777-5079-bb02-b78a6a09c40f', 'dc2497d9-cc39-5763-9102-69e68375ad12', '917e724d-8605-5c76-a79b-591da49e119f', 'E22', 74076780, 0.0311, 2303787, '원가계산서', 'E22'),
  ('83802966-27af-595e-b61b-26c08fa6c628', 'dc2497d9-cc39-5763-9102-69e68375ad12', '093a2c06-0067-5e98-9fe8-b4c7a3e997da', 'E23', 75732518, 0.046, 3483695, '원가계산서', 'E23'),
  ('abbf1853-ea47-5fd7-966e-48833c7c9aba', 'dc2497d9-cc39-5763-9102-69e68375ad12', 'd805ef39-f577-5bb0-8baf-392d4caa80dc', 'E32', 95363907, 0.08, 7629112, '원가계산서', 'E32'),
  ('c33a00b3-3268-5dea-a853-be1a4ac8e258', 'dc2497d9-cc39-5763-9102-69e68375ad12', '5a26cd8b-c510-5298-b048-6895f932c59d', 'E33', 40742943, 0.15, 6111441, '원가계산서', 'E33'),
  ('a6d99f3f-8c5f-5de4-868e-c65e479434ef', 'dc2497d9-cc39-5763-9102-69e68375ad12', '53162874-17f7-5afe-90b1-2249c1584fa0', 'E35', 109104460, 0.1, 10910446, '원가계산서', 'E35');

commit;
